{"Mean":{"confidence_interval":{"confidence_level":0.95,"lower_bound":60.07710947059575,"upper_bound":62.70059814157615},"point_estimate":61.36107059613554,"standard_error":0.6705598387934599},"Median":{"confidence_interval":{"confidence_level":0.95,"lower_bound":58.40714391817333,"upper_bound":61.78751539678372},"point_estimate":60.14884482599624,"standard_error":0.9078197165374694},"MedianAbsDev":{"confidence_interval":{"confidence_level":0.95,"lower_bound":4.846033235760333,"upper_bound":7.898253026281799},"point_estimate":6.4038922950033355,"standard_error":0.7746383991457535},"Slope":{"confidence_interval":{"confidence_level":0.95,"lower_bound":58.193004539759116,"upper_bound":61.25839472758079},"point_estimate":59.60604026764146,"standard_error":0.7827920620590937},"StdDev":{"confidence_interval":{"confidence_level":0.95,"lower_bound":5.638848311934067,"upper_bound":7.672503223771739},"point_estimate":6.707699779170106,"standard_error":0.5202215805159627}}