{"Mean":{"confidence_interval":{"confidence_level":0.95,"lower_bound":54.742590923698216,"upper_bound":57.29882495251012},"point_estimate":55.97989490794547,"standard_error":0.6541665405570651},"Median":{"confidence_interval":{"confidence_level":0.95,"lower_bound":52.81070720463572,"upper_bound":55.30946574349909},"point_estimate":54.55802502786651,"standard_error":0.7437785575478444},"MedianAbsDev":{"confidence_interval":{"confidence_level":0.95,"lower_bound":3.0427528185979105,"upper_bound":6.002430571300008},"point_estimate":4.838615693255939,"standard_error":0.8123386721821624},"Slope":{"confidence_interval":{"confidence_level":0.95,"lower_bound":54.2089256074951,"upper_bound":56.46302587490029},"point_estimate":55.23681772147804,"standard_error":0.5762512428573288},"StdDev":{"confidence_interval":{"confidence_level":0.95,"lower_bound":5.1714975421516725,"upper_bound":7.814636033256344},"point_estimate":6.5638078624680265,"standard_error":0.6753455338566274}}