{"Mean":{"confidence_interval":{"confidence_level":0.95,"lower_bound":-0.11091418488760975,"upper_bound":-0.08418060533656536},"point_estimate":-0.09770325685578451,"standard_error":0.006804053720927711},"Median":{"confidence_interval":{"confidence_level":0.95,"lower_bound":-0.1193594665112383,"upper_bound":-0.11375403427244002},"point_estimate":-0.1158348205259857,"standard_error":0.0014400367231147105}}