{"Mean":{"confidence_interval":{"confidence_level":0.95,"lower_bound":-0.03388517484168538,"upper_bound":0.004998735646353374},"point_estimate":-0.014311007327475034,"standard_error":0.009930621000447358},"Median":{"confidence_interval":{"confidence_level":0.95,"lower_bound":-0.03700005107836646,"upper_bound":0.007984028486227484},"point_estimate":-0.011175725213908527,"standard_error":0.012257112491148898}}