{"Mean":{"confidence_interval":{"confidence_level":0.95,"lower_bound":0.02178141511081993,"upper_bound":0.046018075729263745},"point_estimate":0.03344271343315808,"standard_error":0.006178502647283592},"Median":{"confidence_interval":{"confidence_level":0.95,"lower_bound":0.03246252847571655,"upper_bound":0.03848701905720975},"point_estimate":0.03498803759870861,"standard_error":0.0015932239663636744}}