{"Mean":{"confidence_interval":{"confidence_level":0.95,"lower_bound":-0.057736733109223684,"upper_bound":0.002900714217283671},"point_estimate":-0.027597679300046973,"standard_error":0.015435536677559614},"Median":{"confidence_interval":{"confidence_level":0.95,"lower_bound":-0.06218221739443819,"upper_bound":-0.005525399649085272},"point_estimate":-0.029932002921293055,"standard_error":0.014414169646416326}}