{"Mean":{"confidence_interval":{"confidence_level":0.95,"lower_bound":-0.028267504547921627,"upper_bound":0.004783881318183726},"point_estimate":-0.011235180127588618,"standard_error":0.008444865825400374},"Median":{"confidence_interval":{"confidence_level":0.95,"lower_bound":-0.01753680884518172,"upper_bound":0.0048527902162120995},"point_estimate":-0.005322730344787918,"standard_error":0.005598859387669584}}