{"Mean":{"confidence_interval":{"confidence_level":0.95,"lower_bound":44.70706508897474,"upper_bound":46.59462593432793},"point_estimate":45.593914274164334,"standard_error":0.4839201849816156},"Median":{"confidence_interval":{"confidence_level":0.95,"lower_bound":43.601070894556145,"upper_bound":45.03431958099789},"point_estimate":44.28890949021244,"standard_error":0.3563366190734708},"MedianAbsDev":{"confidence_interval":{"confidence_level":0.95,"lower_bound":2.140541559456863,"upper_bound":3.675991514925175},"point_estimate":2.9064449078826726,"standard_error":0.4151386448722933},"Slope":{"confidence_interval":{"confidence_level":0.95,"lower_bound":43.80946590089227,"upper_bound":45.34693015963584},"point_estimate":44.53633463529989,"standard_error":0.3928917331181976},"StdDev":{"confidence_interval":{"confidence_level":0.95,"lower_bound":3.3721863407769934,"upper_bound":6.228786841153503},"point_estimate":4.867868728905669,"standard_error":0.7323861199970052}}