{"Mean":{"confidence_interval":{"confidence_level":0.95,"lower_bound":42.76699002523089,"upper_bound":44.77877638299655},"point_estimate":43.747299396285925,"standard_error":0.5138576771963635},"Median":{"confidence_interval":{"confidence_level":0.95,"lower_bound":40.34596564998665,"upper_bound":40.98546387001888},"point_estimate":40.470769103887086,"standard_error":0.18832468680521045},"MedianAbsDev":{"confidence_interval":{"confidence_level":0.95,"lower_bound":0.44192571877963144,"upper_bound":1.4080629280137442},"point_estimate":0.66467795295893,"standard_error":0.27355912579648933},"Slope":{"confidence_interval":{"confidence_level":0.95,"lower_bound":45.97790399125614,"upper_bound":48.73564643474709},"point_estimate":47.485450167022535,"standard_error":0.7046203781137558},"StdDev":{"confidence_interval":{"confidence_level":0.95,"lower_bound":4.504544638776824,"upper_bound":5.595400512744688},"point_estimate":5.146760159844504,"standard_error":0.27966947241148826}}