{"Mean":{"confidence_interval":{"confidence_level":0.95,"lower_bound":274.47796812429414,"upper_bound":284.2447609005283},"point_estimate":279.19820983564165,"standard_error":2.4921827046981053},"Median":{"confidence_interval":{"confidence_level":0.95,"lower_bound":268.5809065909852,"upper_bound":278.70602305751197},"point_estimate":271.81489852994736,"standard_error":2.321053340002892},"MedianAbsDev":{"confidence_interval":{"confidence_level":0.95,"lower_bound":12.172195394419807,"upper_bound":22.31045909596892},"point_estimate":17.297513358605837,"standard_error":2.349109459229646},"Slope":{"confidence_interval":{"confidence_level":0.95,"lower_bound":276.1612450220648,"upper_bound":283.19065392474016},"point_estimate":279.63778637440004,"standard_error":1.791815132783762},"StdDev":{"confidence_interval":{"confidence_level":0.95,"lower_bound":19.384154251482094,"upper_bound":30.17368324266493},"point_estimate":25.14057040116668,"standard_error":2.7603182638678305}}