{"Mean":{"confidence_interval":{"confidence_level":0.95,"lower_bound":319.7495791913353,"upper_bound":325.2849336354262},"point_estimate":322.4628835438149,"standard_error":1.4105966621739836},"Median":{"confidence_interval":{"confidence_level":0.95,"lower_bound":317.5702993609149,"upper_bound":322.9899260006727},"point_estimate":319.45954765484885,"standard_error":1.3641229216651618},"MedianAbsDev":{"confidence_interval":{"confidence_level":0.95,"lower_bound":8.146680024489099,"upper_bound":15.194226072504904},"point_estimate":11.046092243768381,"standard_error":1.8335445225608111},"Slope":{"confidence_interval":{"confidence_level":0.95,"lower_bound":320.7970919432766,"upper_bound":326.8556617012944},"point_estimate":323.7627708606064,"standard_error":1.5494860474425534},"StdDev":{"confidence_interval":{"confidence_level":0.95,"lower_bound":11.93717717627156,"upper_bound":16.029698703626206},"point_estimate":14.14065637841942,"standard_error":1.0453575918070361}}