{"Mean":{"confidence_interval":{"confidence_level":0.95,"lower_bound":428.2931136986884,"upper_bound":430.8868836288395},"point_estimate":429.513372179127,"standard_error":0.6653396309541229},"Median":{"confidence_interval":{"confidence_level":0.95,"lower_bound":426.62349645740653,"upper_bound":428.09124871668126},"point_estimate":427.4373692193491,"standard_error":0.34674902229351323},"MedianAbsDev":{"confidence_interval":{"confidence_level":0.95,"lower_bound":2.105497915127395,"upper_bound":3.9816329385769524},"point_estimate":2.750300839557077,"standard_error":0.4540635949616709},"Slope":{"confidence_interval":{"confidence_level":0.95,"lower_bound":427.07687438949864,"upper_bound":429.7102702913104},"point_estimate":428.2252763985922,"standard_error":0.6779037944108478},"StdDev":{"confidence_interval":{"confidence_level":0.95,"lower_bound":4.651860604536133,"upper_bound":8.502637876119909},"point_estimate":6.682911249112929,"standard_error":0.9866013496074496}}