{"Mean":{"confidence_interval":{"confidence_level":0.95,"lower_bound":0.023257289518379763,"upper_bound":0.050718899315676295},"point_estimate":0.037044792181278874,"standard_error":0.007006005764519145},"Median":{"confidence_interval":{"confidence_level":0.95,"lower_bound":0.04971357678146848,"upper_bound":0.07552382828414594},"point_estimate":0.06301892906350637,"standard_error":0.006930271088958958}}