{"Mean":{"confidence_interval":{"confidence_level":0.95,"lower_bound":0.006111710426710226,"upper_bound":0.08342897950805958},"point_estimate":0.04379457204801929,"standard_error":0.019814252793726946},"Median":{"confidence_interval":{"confidence_level":0.95,"lower_bound":-0.004619820997330937,"upper_bound":0.05737968165723739},"point_estimate":0.01650326762516774,"standard_error":0.015474049432295885}}