{"Mean":{"confidence_interval":{"confidence_level":0.95,"lower_bound":240.2686943563948,"upper_bound":249.26868249977014},"point_estimate":244.4446669931474,"standard_error":2.2987278828185267},"Median":{"confidence_interval":{"confidence_level":0.95,"lower_bound":235.22588318188025,"upper_bound":243.61052929521654},"point_estimate":238.40078851507354,"standard_error":2.4042731703345672},"MedianAbsDev":{"confidence_interval":{"confidence_level":0.95,"lower_bound":10.746031406674918,"upper_bound":17.35530015079131},"point_estimate":14.17321110528183,"standard_error":1.6668703758973042},"Slope":{"confidence_interval":{"confidence_level":0.95,"lower_bound":237.8704724114966,"upper_bound":247.45453647553967},"point_estimate":242.1526886865552,"standard_error":2.451831321779908},"StdDev":{"confidence_interval":{"confidence_level":0.95,"lower_bound":14.045635889951274,"upper_bound":31.113539144567127},"point_estimate":23.108663150730205,"standard_error":4.421536407531225}}