{"Mean":{"confidence_interval":{"confidence_level":0.95,"lower_bound":2456.5334514587707,"upper_bound":2603.699351996438},"point_estimate":2526.256377422978,"standard_error":37.595700709548446},"Median":{"confidence_interval":{"confidence_level":0.95,"lower_bound":2436.045700889051,"upper_bound":2559.716895453834},"point_estimate":2495.7381767740258,"standard_error":31.627651583741414},"MedianAbsDev":{"confidence_interval":{"confidence_level":0.95,"lower_bound":178.85840284018713,"upper_bound":326.67774659928716},"point_estimate":240.41169624959318,"standard_error":37.285982269534486},"Slope":{"confidence_interval":{"confidence_level":0.95,"lower_bound":2491.84395546424,"upper_bound":2577.5103531474865},"point_estimate":2533.4074856579828,"standard_error":21.873623547093764},"StdDev":{"confidence_interval":{"confidence_level":0.95,"lower_bound":258.8408687599377,"upper_bound":505.17886562122726},"point_estimate":378.290786169275,"standard_error":65.35358969108175}}