{"Mean":{"confidence_interval":{"confidence_level":0.95,"lower_bound":324.1732821837265,"upper_bound":329.9985821555075},"point_estimate":326.70914215258483,"standard_error":1.4975732818137997},"Median":{"confidence_interval":{"confidence_level":0.95,"lower_bound":322.42724220797254,"upper_bound":323.5728288108904},"point_estimate":322.9754275721018,"standard_error":0.2669538640361296},"MedianAbsDev":{"confidence_interval":{"confidence_level":0.95,"lower_bound":2.022379586750847,"upper_bound":3.5832234191127403},"point_estimate":2.5404589978922894,"standard_error":0.38960677483739115},"Slope":{"confidence_interval":{"confidence_level":0.95,"lower_bound":324.4738943309341,"upper_bound":329.1165426107113},"point_estimate":326.5146484774859,"standard_error":1.188304040203736},"StdDev":{"confidence_interval":{"confidence_level":0.95,"lower_bound":6.497294098425312,"upper_bound":22.803406750829545},"point_estimate":15.057120898361056,"standard_error":4.4981527762295395}}