{"Mean":{"confidence_interval":{"confidence_level":0.95,"lower_bound":376.8494287863792,"upper_bound":395.27954287530025},"point_estimate":385.36377564198295,"standard_error":4.71500437161562},"Median":{"confidence_interval":{"confidence_level":0.95,"lower_bound":364.0722905413171,"upper_bound":376.8172809767936},"point_estimate":367.87994435505493,"standard_error":3.75157511216119},"MedianAbsDev":{"confidence_interval":{"confidence_level":0.95,"lower_bound":13.613451837056068,"upper_bound":28.056501571370585},"point_estimate":18.295025446053632,"standard_error":3.757611566561222},"Slope":{"confidence_interval":{"confidence_level":0.95,"lower_bound":368.63728952827444,"upper_bound":382.0536222798166},"point_estimate":374.89048521639904,"standard_error":3.422764741680871},"StdDev":{"confidence_interval":{"confidence_level":0.95,"lower_bound":30.787120027662,"upper_bound":60.992125138521395},"point_estimate":47.2988839652916,"standard_error":7.711409282919536}}