{"Mean":{"confidence_interval":{"confidence_level":0.95,"lower_bound":426.1080664997876,"upper_bound":433.8372155279188},"point_estimate":429.10644608150795,"standard_error":2.05728956197269},"Median":{"confidence_interval":{"confidence_level":0.95,"lower_bound":424.756889005104,"upper_bound":426.2449364025247},"point_estimate":425.6878907023668,"standard_error":0.34999093032357803},"MedianAbsDev":{"confidence_interval":{"confidence_level":0.95,"lower_bound":2.4006403557713174,"upper_bound":4.1273575234580555},"point_estimate":3.263272347345773,"standard_error":0.459115276276951},"Slope":{"confidence_interval":{"confidence_level":0.95,"lower_bound":426.0446601117635,"upper_bound":431.38640592380335},"point_estimate":428.06560904609586,"standard_error":1.4147966609086116},"StdDev":{"confidence_interval":{"confidence_level":0.95,"lower_bound":5.106670646649901,"upper_bound":34.05006460864984},"point_estimate":20.665441873811552,"standard_error":9.25406519886623}}