{"Mean":{"confidence_interval":{"confidence_level":0.95,"lower_bound":105.12484745473171,"upper_bound":106.71657389028526},"point_estimate":105.89895472519738,"standard_error":0.4059770196237911},"Median":{"confidence_interval":{"confidence_level":0.95,"lower_bound":104.35635351173624,"upper_bound":106.85431069365066},"point_estimate":105.59763026648517,"standard_error":0.6811449280127431},"MedianAbsDev":{"confidence_interval":{"confidence_level":0.95,"lower_bound":3.555702284826136,"upper_bound":5.370018786144052},"point_estimate":4.5077375690654495,"standard_error":0.46187183286784245},"Slope":{"confidence_interval":{"confidence_level":0.95,"lower_bound":104.37323249170716,"upper_bound":106.00404777125475},"point_estimate":105.18176594915025,"standard_error":0.41723300925175116},"StdDev":{"confidence_interval":{"confidence_level":0.95,"lower_bound":3.278217934730099,"upper_bound":5.085902358914952},"point_estimate":4.079682865136526,"standard_error":0.49544389034660136}}