{"Mean":{"confidence_interval":{"confidence_level":0.95,"lower_bound":0.026354887009967486,"upper_bound":0.0871921723043456},"point_estimate":0.05657603708565406,"standard_error":0.01552479834770457},"Median":{"confidence_interval":{"confidence_level":0.95,"lower_bound":0.027650148752846597,"upper_bound":0.07607112730277321},"point_estimate":0.05522832220271212,"standard_error":0.01265713521579026}}