{"Mean":{"confidence_interval":{"confidence_level":0.95,"lower_bound":-0.9122076414441203,"upper_bound":-0.9066026552846493},"point_estimate":-0.90936801034958,"standard_error":0.0014266297332098086},"Median":{"confidence_interval":{"confidence_level":0.95,"lower_bound":-0.9114886855017524,"upper_bound":-0.906496524553121},"point_estimate":-0.9090588624109907,"standard_error":0.0012735575183197264}}