{"Mean":{"confidence_interval":{"confidence_level":0.95,"lower_bound":-0.026464478483506644,"upper_bound":-0.004120011886175066},"point_estimate":-0.015288874979019318,"standard_error":0.0056577535432404},"Median":{"confidence_interval":{"confidence_level":0.95,"lower_bound":-0.014383742627017693,"upper_bound":-0.008928722095893682},"point_estimate":-0.011533952799897551,"standard_error":0.001368557457725807}}