{"Mean":{"confidence_interval":{"confidence_level":0.95,"lower_bound":-0.07510111868375774,"upper_bound":-0.05894895109060762},"point_estimate":-0.06763012583469064,"standard_error":0.00415913198717908},"Median":{"confidence_interval":{"confidence_level":0.95,"lower_bound":-0.07283173039459445,"upper_bound":-0.06737074014212525},"point_estimate":-0.07037262013735657,"standard_error":0.0014146932977197335}}