{"Mean":{"confidence_interval":{"confidence_level":0.95,"lower_bound":296.9143556514581,"upper_bound":308.36097404615674},"point_estimate":301.4655274869745,"standard_error":3.0256354114636492},"Median":{"confidence_interval":{"confidence_level":0.95,"lower_bound":293.7369786392787,"upper_bound":295.109210672616},"point_estimate":294.7420058251405,"standard_error":0.35735521761629857},"MedianAbsDev":{"confidence_interval":{"confidence_level":0.95,"lower_bound":1.931031239476769,"upper_bound":3.5493823051311133},"point_estimate":2.7987787726974185,"standard_error":0.4146105358847982},"Slope":{"confidence_interval":{"confidence_level":0.95,"lower_bound":294.4861349881084,"upper_bound":296.15457073345783},"point_estimate":295.2438092316025,"standard_error":0.4261141459364892},"StdDev":{"confidence_interval":{"confidence_level":0.95,"lower_bound":9.180261396911032,"upper_bound":49.375535339047026},"point_estimate":30.369920845973123,"standard_error":12.806184072416045}}