{"Mean":{"confidence_interval":{"confidence_level":0.95,"lower_bound":219.28373654088693,"upper_bound":229.7434156778771},"point_estimate":224.25873415044197,"standard_error":2.6743158999491627},"Median":{"confidence_interval":{"confidence_level":0.95,"lower_bound":213.72832501134818,"upper_bound":223.6176179959943},"point_estimate":218.22595450648106,"standard_error":2.6076211105098484},"MedianAbsDev":{"confidence_interval":{"confidence_level":0.95,"lower_bound":13.76169073089927,"upper_bound":24.577068034175582},"point_estimate":18.26255075042826,"standard_error":2.803760856582529},"Slope":{"confidence_interval":{"confidence_level":0.95,"lower_bound":226.6490238357747,"upper_bound":241.09564723274653},"point_estimate":233.50279563495405,"standard_error":3.6921518789687773},"StdDev":{"confidence_interval":{"confidence_level":0.95,"lower_bound":19.616088199952145,"upper_bound":33.834096945343006},"point_estimate":26.92333322691065,"standard_error":3.646372944996071}}