{"Mean":{"confidence_interval":{"confidence_level":0.95,"lower_bound":95.86637664401503,"upper_bound":96.53003088403283},"point_estimate":96.17149497642453,"standard_error":0.1698583299510351},"Median":{"confidence_interval":{"confidence_level":0.95,"lower_bound":95.64372603464234,"upper_bound":95.87868233370301},"point_estimate":95.7155355219522,"standard_error":0.06113428609230813},"MedianAbsDev":{"confidence_interval":{"confidence_level":0.95,"lower_bound":0.5011416591053129,"upper_bound":1.0262614961124579},"point_estimate":0.7671398371017543,"standard_error":0.1468903746028217},"Slope":{"confidence_interval":{"confidence_level":0.95,"lower_bound":95.69652480172782,"upper_bound":96.10413795199905},"point_estimate":95.8933963540309,"standard_error":0.10381393435702237},"StdDev":{"confidence_interval":{"confidence_level":0.95,"lower_bound":0.9981274892210686,"upper_bound":2.3684042921008808},"point_estimate":1.7066337579162483,"standard_error":0.3562961689688753}}