{"Mean":{"confidence_interval":{"confidence_level":0.95,"lower_bound":0.04480651097077486,"upper_bound":0.09006205425800891},"point_estimate":0.06689362082637662,"standard_error":0.011613828360314837},"Median":{"confidence_interval":{"confidence_level":0.95,"lower_bound":0.021732347786016293,"upper_bound":0.06609722568015819},"point_estimate":0.04480103077232633,"standard_error":0.010771568883865573}}