{"Mean":{"confidence_interval":{"confidence_level":0.95,"lower_bound":0.016415397493569874,"upper_bound":0.10189472455086365},"point_estimate":0.055802818121067466,"standard_error":0.02174334564545438},"Median":{"confidence_interval":{"confidence_level":0.95,"lower_bound":-0.004405118211865067,"upper_bound":0.04138409958286493},"point_estimate":0.019553879904466553,"standard_error":0.011588318815144244}}