{"Mean":{"confidence_interval":{"confidence_level":0.95,"lower_bound":-0.09184914675990538,"upper_bound":-0.06023935257037869},"point_estimate":-0.07610655556689061,"standard_error":0.008068404222682186},"Median":{"confidence_interval":{"confidence_level":0.95,"lower_bound":-0.10079388725943109,"upper_bound":-0.06768075493640069},"point_estimate":-0.08372470044177727,"standard_error":0.008630474567603045}}