{"Mean":{"confidence_interval":{"confidence_level":0.95,"lower_bound":-0.011727987667195947,"upper_bound":0.003719388377476954},"point_estimate":-0.004585630945109553,"standard_error":0.003921151123416631},"Median":{"confidence_interval":{"confidence_level":0.95,"lower_bound":-0.010132853166756606,"upper_bound":-0.004558486179081611},"point_estimate":-0.0070683625057147426,"standard_error":0.001376282228071824}}