{"Mean":{"confidence_interval":{"confidence_level":0.95,"lower_bound":-0.045540174646022336,"upper_bound":-0.02101887982793949},"point_estimate":-0.03303930285202672,"standard_error":0.006259860785891492},"Median":{"confidence_interval":{"confidence_level":0.95,"lower_bound":-0.03572572229280903,"upper_bound":-0.011440772146518952},"point_estimate":-0.020816106409358826,"standard_error":0.005897501220161839}}