{"Mean":{"confidence_interval":{"confidence_level":0.95,"lower_bound":250.35853247062462,"upper_bound":258.90817168556424},"point_estimate":254.54033559191103,"standard_error":2.1728748267994136},"Median":{"confidence_interval":{"confidence_level":0.95,"lower_bound":244.64156766526384,"upper_bound":255.1354447789649},"point_estimate":249.19185052875775,"standard_error":2.9920741663282513},"MedianAbsDev":{"confidence_interval":{"confidence_level":0.95,"lower_bound":14.038526148538134,"upper_bound":24.136394292314055},"point_estimate":18.0971891163888,"standard_error":2.671672529316182},"Slope":{"confidence_interval":{"confidence_level":0.95,"lower_bound":255.46788681057376,"upper_bound":266.9923354559434},"point_estimate":261.16641697569486,"standard_error":2.9492905738527155},"StdDev":{"confidence_interval":{"confidence_level":0.95,"lower_bound":18.193646842875268,"upper_bound":25.104732263498523},"point_estimate":21.927488124511044,"standard_error":1.765443735465645}}