{"Mean":{"confidence_interval":{"confidence_level":0.95,"lower_bound":262.24943788109175,"upper_bound":276.8065703418808},"point_estimate":269.22993212611925,"standard_error":3.7289859533014615},"Median":{"confidence_interval":{"confidence_level":0.95,"lower_bound":254.0128796267722,"upper_bound":263.7906986915208},"point_estimate":259.4547434125592,"standard_error":2.3810348499239806},"MedianAbsDev":{"confidence_interval":{"confidence_level":0.95,"lower_bound":16.208910293538413,"upper_bound":27.1677372898385},"point_estimate":22.241325463718848,"standard_error":2.7575061518587836},"Slope":{"confidence_interval":{"confidence_level":0.95,"lower_bound":258.173645394075,"upper_bound":270.60977680752893},"point_estimate":263.95369926417214,"standard_error":3.186413965455021},"StdDev":{"confidence_interval":{"confidence_level":0.95,"lower_bound":28.321436929545946,"upper_bound":45.35463449787646},"point_estimate":37.31486336718222,"standard_error":4.351520608937156}}