{"Mean":{"confidence_interval":{"confidence_level":0.95,"lower_bound":63.2594522214026,"upper_bound":66.34754364917339},"point_estimate":64.7758790424832,"standard_error":0.7886689038880738},"Median":{"confidence_interval":{"confidence_level":0.95,"lower_bound":61.56967100788729,"upper_bound":64.8654729359409},"point_estimate":63.053817033862245,"standard_error":0.8702415301734696},"MedianAbsDev":{"confidence_interval":{"confidence_level":0.95,"lower_bound":5.5042834033888495,"upper_bound":9.745988085590648},"point_estimate":7.339466671273767,"standard_error":1.092493061027771},"Slope":{"confidence_interval":{"confidence_level":0.95,"lower_bound":64.49429041164379,"upper_bound":68.25459252216163},"point_estimate":66.35134709735767,"standard_error":0.9581586913199346},"StdDev":{"confidence_interval":{"confidence_level":0.95,"lower_bound":6.831328506463764,"upper_bound":8.818203446419366},"point_estimate":7.910361685632494,"standard_error":0.5065084366628624}}