{"Mean":{"confidence_interval":{"confidence_level":0.95,"lower_bound":147.2908898156707,"upper_bound":148.48476984629056},"point_estimate":147.83083133947082,"standard_error":0.30526121500935127},"Median":{"confidence_interval":{"confidence_level":0.95,"lower_bound":146.62329514457173,"upper_bound":147.46557059961316},"point_estimate":146.90846109886246,"standard_error":0.2070360012801164},"MedianAbsDev":{"confidence_interval":{"confidence_level":0.95,"lower_bound":0.8785985629000522,"upper_bound":1.4611872253323774},"point_estimate":1.205354444917434,"standard_error":0.14799601637541585},"Slope":{"confidence_interval":{"confidence_level":0.95,"lower_bound":147.209489715584,"upper_bound":148.24851884108787},"point_estimate":147.70354358644698,"standard_error":0.26544380095313236},"StdDev":{"confidence_interval":{"confidence_level":0.95,"lower_bound":1.7735115374094292,"upper_bound":4.359299376688468},"point_estimate":3.066315460107915,"standard_error":0.6989783915602392}}