{"Mean":{"confidence_interval":{"confidence_level":0.95,"lower_bound":114.54788703104718,"upper_bound":119.8758389694958},"point_estimate":117.02064719248628,"standard_error":1.3668461321052459},"Median":{"confidence_interval":{"confidence_level":0.95,"lower_bound":111.428088609164,"upper_bound":115.27188280461236},"point_estimate":112.66800716840288,"standard_error":0.8862366137000669},"MedianAbsDev":{"confidence_interval":{"confidence_level":0.95,"lower_bound":4.505609583437211,"upper_bound":8.517644217504678},"point_estimate":6.020682729499413,"standard_error":0.9735190094671784},"Slope":{"confidence_interval":{"confidence_level":0.95,"lower_bound":113.15295592326761,"upper_bound":118.36738919929377},"point_estimate":115.31982268296852,"standard_error":1.3579355510684907},"StdDev":{"confidence_interval":{"confidence_level":0.95,"lower_bound":8.519537386967258,"upper_bound":18.356114703308098},"point_estimate":13.740740772510648,"standard_error":2.5244742326822354}}