{"Mean":{"confidence_interval":{"confidence_level":0.95,"lower_bound":107.6484881921779,"upper_bound":111.67410849607647},"point_estimate":109.4413322626694,"standard_error":1.0286768516332045},"Median":{"confidence_interval":{"confidence_level":0.95,"lower_bound":106.07673409646094,"upper_bound":108.11392172314159},"point_estimate":107.07549144645105,"standard_error":0.5182154694659766},"MedianAbsDev":{"confidence_interval":{"confidence_level":0.95,"lower_bound":3.2073479905717983,"upper_bound":6.897555738556441},"point_estimate":4.616538532419141,"standard_error":1.0449167268158992},"Slope":{"confidence_interval":{"confidence_level":0.95,"lower_bound":107.54303445111707,"upper_bound":110.07505918712114},"point_estimate":108.75938350584644,"standard_error":0.6473550046631967},"StdDev":{"confidence_interval":{"confidence_level":0.95,"lower_bound":5.138180526586074,"upper_bound":14.973671951706129},"point_estimate":10.30289506164435,"standard_error":2.6375527210912932}}