{"Mean":{"confidence_interval":{"confidence_level":0.95,"lower_bound":50.21496098859561,"upper_bound":50.68594147931839},"point_estimate":50.42817240516781,"standard_error":0.12066203839510285},"Median":{"confidence_interval":{"confidence_level":0.95,"lower_bound":50.040256330958776,"upper_bound":50.38440483573359},"point_estimate":50.21691771500036,"standard_error":0.0912492832096203},"MedianAbsDev":{"confidence_interval":{"confidence_level":0.95,"lower_bound":0.4386367359258576,"upper_bound":0.8664715928845808},"point_estimate":0.6402915516835492,"standard_error":0.11398591938577354},"Slope":{"confidence_interval":{"confidence_level":0.95,"lower_bound":50.33311486198222,"upper_bound":50.73321426608957},"point_estimate":50.520859896126744,"standard_error":0.10210052396375942},"StdDev":{"confidence_interval":{"confidence_level":0.95,"lower_bound":0.6488470421776028,"upper_bound":1.7140781385709456},"point_estimate":1.210078263296756,"standard_error":0.2806734993532702}}