{"Mean":{"confidence_interval":{"confidence_level":0.95,"lower_bound":36.51221579678025,"upper_bound":37.173526403274195},"point_estimate":36.8332245377046,"standard_error":0.16943522705446964},"Median":{"confidence_interval":{"confidence_level":0.95,"lower_bound":36.186598700533416,"upper_bound":36.88568438352048},"point_estimate":36.43869560500714,"standard_error":0.20984267821325497},"MedianAbsDev":{"confidence_interval":{"confidence_level":0.95,"lower_bound":1.1016280846686133,"upper_bound":1.7052679889529647},"point_estimate":1.4516763759609022,"standard_error":0.15762824432496927},"Slope":{"confidence_interval":{"confidence_level":0.95,"lower_bound":36.427620687959504,"upper_bound":36.99936668984079},"point_estimate":36.708533359366804,"standard_error":0.14591832216005407},"StdDev":{"confidence_interval":{"confidence_level":0.95,"lower_bound":1.3581988196234778,"upper_bound":2.021892654148267},"point_estimate":1.7023320883857205,"standard_error":0.17051219664906378}}