{"Mean":{"confidence_interval":{"confidence_level":0.95,"lower_bound":38.246686367381876,"upper_bound":39.67095890965067},"point_estimate":38.93892238326353,"standard_error":0.3644786660639746},"Median":{"confidence_interval":{"confidence_level":0.95,"lower_bound":37.16185011350743,"upper_bound":39.2309259629958},"point_estimate":37.76184089946139,"standard_error":0.5061233756799149},"MedianAbsDev":{"confidence_interval":{"confidence_level":0.95,"lower_bound":2.1675071160548276,"upper_bound":4.143429004355062},"point_estimate":2.952296372694744,"standard_error":0.4210690705556973},"Slope":{"confidence_interval":{"confidence_level":0.95,"lower_bound":39.81546132144617,"upper_bound":41.5742253246428},"point_estimate":40.69394663437319,"standard_error":0.44823796779328795},"StdDev":{"confidence_interval":{"confidence_level":0.95,"lower_bound":3.0154029687581887,"upper_bound":4.219889629483474},"point_estimate":3.645359535380494,"standard_error":0.3068607923983954}}