{"Mean":{"confidence_interval":{"confidence_level":0.95,"lower_bound":-0.21939136690333383,"upper_bound":-0.16547192025120247},"point_estimate":-0.19278144028960364,"standard_error":0.013739019757881868},"Median":{"confidence_interval":{"confidence_level":0.95,"lower_bound":-0.22832863223865107,"upper_bound":-0.18831721314869063},"point_estimate":-0.20811431334731068,"standard_error":0.010283640118805185}}