{"Mean":{"confidence_interval":{"confidence_level":0.95,"lower_bound":39.40349726266676,"upper_bound":40.69385435969555},"point_estimate":40.02819116752746,"standard_error":0.32886761167094725},"Median":{"confidence_interval":{"confidence_level":0.95,"lower_bound":38.680758965804834,"upper_bound":39.73061974439484},"point_estimate":39.397746653193906,"standard_error":0.2619485210059374},"MedianAbsDev":{"confidence_interval":{"confidence_level":0.95,"lower_bound":1.9456280972294353,"upper_bound":3.265993303686473},"point_estimate":2.694265401774352,"standard_error":0.3404760287372471},"Slope":{"confidence_interval":{"confidence_level":0.95,"lower_bound":38.44632500773487,"upper_bound":39.489408099191905},"point_estimate":38.93098064073147,"standard_error":0.26636297265818565},"StdDev":{"confidence_interval":{"confidence_level":0.95,"lower_bound":2.7588665648111275,"upper_bound":3.7943219474356895},"point_estimate":3.314425833713329,"standard_error":0.2641882764305624}}