{"Mean":{"confidence_interval":{"confidence_level":0.95,"lower_bound":38.776644107044085,"upper_bound":39.787826117815534},"point_estimate":39.25821818327651,"standard_error":0.258967421776725},"Median":{"confidence_interval":{"confidence_level":0.95,"lower_bound":38.354098737984415,"upper_bound":38.935406357739495},"point_estimate":38.64797841526803,"standard_error":0.13693032994794982},"MedianAbsDev":{"confidence_interval":{"confidence_level":0.95,"lower_bound":1.0219135260039396,"upper_bound":1.7305489274458332},"point_estimate":1.34291530704015,"standard_error":0.1683936230507757},"Slope":{"confidence_interval":{"confidence_level":0.95,"lower_bound":38.663404060550214,"upper_bound":39.764190109281735},"point_estimate":39.170395988650775,"standard_error":0.28270076283824086},"StdDev":{"confidence_interval":{"confidence_level":0.95,"lower_bound":1.8818906001834181,"upper_bound":3.2474353249882615},"point_estimate":2.599366883446375,"standard_error":0.35061636742192}}