{"Mean":{"confidence_interval":{"confidence_level":0.95,"lower_bound":47.87400396195484,"upper_bound":48.28763382544039},"point_estimate":48.05911023736907,"standard_error":0.10607372256102097},"Median":{"confidence_interval":{"confidence_level":0.95,"lower_bound":47.677109375851856,"upper_bound":47.9159764605601},"point_estimate":47.79382110967667,"standard_error":0.05907969146355525},"MedianAbsDev":{"confidence_interval":{"confidence_level":0.95,"lower_bound":0.3224528845492262,"upper_bound":0.5599774105775579},"point_estimate":0.42414628729399145,"standard_error":0.06254654626428649},"Slope":{"confidence_interval":{"confidence_level":0.95,"lower_bound":47.80337970186351,"upper_bound":48.306512907456025},"point_estimate":48.023919997090296,"standard_error":0.1302028783204211},"StdDev":{"confidence_interval":{"confidence_level":0.95,"lower_bound":0.5287861189596457,"upper_bound":1.5427369330393004},"point_estimate":1.0669843683665359,"standard_error":0.26384243668788204}}