{"Mean":{"confidence_interval":{"confidence_level":0.95,"lower_bound":294.8950975371376,"upper_bound":296.77785478448254},"point_estimate":295.7868243605758,"standard_error":0.4828202715983017},"Median":{"confidence_interval":{"confidence_level":0.95,"lower_bound":293.7019964768056,"upper_bound":295.18147905080997},"point_estimate":294.25149661486734,"standard_error":0.35397515299718},"MedianAbsDev":{"confidence_interval":{"confidence_level":0.95,"lower_bound":2.0666794243908115,"upper_bound":3.482555076274465},"point_estimate":2.7239175465835803,"standard_error":0.3485057947889432},"Slope":{"confidence_interval":{"confidence_level":0.95,"lower_bound":294.26588065883476,"upper_bound":296.3092020647927},"point_estimate":295.2126466251326,"standard_error":0.5229892080799936},"StdDev":{"confidence_interval":{"confidence_level":0.95,"lower_bound":3.5864348212952395,"upper_bound":5.984765813469064},"point_estimate":4.863339530955263,"standard_error":0.6141888829503462}}