{"Mean":{"confidence_interval":{"confidence_level":0.95,"lower_bound":202.86977719846988,"upper_bound":212.27716265410587},"point_estimate":207.28613268488377,"standard_error":2.418000578048521},"Median":{"confidence_interval":{"confidence_level":0.95,"lower_bound":197.70733790717034,"upper_bound":202.3903303973011},"point_estimate":199.44957144166318,"standard_error":1.1506057083312402},"MedianAbsDev":{"confidence_interval":{"confidence_level":0.95,"lower_bound":6.626336652021785,"upper_bound":11.359553353764827},"point_estimate":8.255903850913723,"standard_error":1.194601771409056},"Slope":{"confidence_interval":{"confidence_level":0.95,"lower_bound":198.3929070596139,"upper_bound":202.50476751087257},"point_estimate":200.27580558055806,"standard_error":1.052616905410577},"StdDev":{"confidence_interval":{"confidence_level":0.95,"lower_bound":15.962515461496308,"upper_bound":31.743409643006938},"point_estimate":24.38899477043558,"standard_error":4.0535848987270215}}