{"Mean":{"confidence_interval":{"confidence_level":0.95,"lower_bound":37.330488003634215,"upper_bound":37.89822437035585},"point_estimate":37.61036881691698,"standard_error":0.1449592759448737},"Median":{"confidence_interval":{"confidence_level":0.95,"lower_bound":37.16003363797041,"upper_bound":37.90622565214174},"point_estimate":37.53284852735108,"standard_error":0.15542501434720435},"MedianAbsDev":{"confidence_interval":{"confidence_level":0.95,"lower_bound":1.053803831985281,"upper_bound":1.8712331012867638},"point_estimate":1.4142579103580437,"standard_error":0.21607747937703936},"Slope":{"confidence_interval":{"confidence_level":0.95,"lower_bound":37.40776999239292,"upper_bound":37.97570424628556},"point_estimate":37.68530974065372,"standard_error":0.14448090942399225},"StdDev":{"confidence_interval":{"confidence_level":0.95,"lower_bound":1.233243181258679,"upper_bound":1.6811002805852724},"point_estimate":1.4596542212590544,"standard_error":0.11455146350629883}}