{"Mean":{"confidence_interval":{"confidence_level":0.95,"lower_bound":40.12501948885987,"upper_bound":41.12819259545186},"point_estimate":40.61621235350474,"standard_error":0.2561557893836193},"Median":{"confidence_interval":{"confidence_level":0.95,"lower_bound":39.34053148872214,"upper_bound":40.36047261366831},"point_estimate":39.77064733319988,"standard_error":0.2904980601731001},"MedianAbsDev":{"confidence_interval":{"confidence_level":0.95,"lower_bound":1.2491711170456161,"upper_bound":2.4818866102542647},"point_estimate":1.7428388536327952,"standard_error":0.33571599647737455},"Slope":{"confidence_interval":{"confidence_level":0.95,"lower_bound":39.880920552969805,"upper_bound":40.993323515739846},"point_estimate":40.40625240877405,"standard_error":0.2837950541062181},"StdDev":{"confidence_interval":{"confidence_level":0.95,"lower_bound":2.1627605544025417,"upper_bound":2.9146048614126734},"point_estimate":2.5762610052904327,"standard_error":0.19220962439826508}}