{"Mean":{"confidence_interval":{"confidence_level":0.95,"lower_bound":47.1197006581011,"upper_bound":47.74848894037205},"point_estimate":47.375342743020575,"standard_error":0.16469499253695374},"Median":{"confidence_interval":{"confidence_level":0.95,"lower_bound":46.93127961019153,"upper_bound":47.17286090909927},"point_estimate":47.054058817441884,"standard_error":0.05130775282849921},"MedianAbsDev":{"confidence_interval":{"confidence_level":0.95,"lower_bound":0.26014504917194486,"upper_bound":0.46148556858520096},"point_estimate":0.33839100335337097,"standard_error":0.05039019393746006},"Slope":{"confidence_interval":{"confidence_level":0.95,"lower_bound":47.04096629006245,"upper_bound":47.472107066820776},"point_estimate":47.22380206528873,"standard_error":0.11304047983577535},"StdDev":{"confidence_interval":{"confidence_level":0.95,"lower_bound":0.5191747766273408,"upper_bound":2.6525414827871354},"point_estimate":1.6485073445387222,"standard_error":0.6519307058998736}}