{"Mean":{"confidence_interval":{"confidence_level":0.95,"lower_bound":45.54264853180759,"upper_bound":45.87058061351579},"point_estimate":45.69299946965677,"standard_error":0.0840107892095299},"Median":{"confidence_interval":{"confidence_level":0.95,"lower_bound":45.3772772098901,"upper_bound":45.53451359903665},"point_estimate":45.44976918434974,"standard_error":0.0416154206369227},"MedianAbsDev":{"confidence_interval":{"confidence_level":0.95,"lower_bound":0.23847887030703496,"upper_bound":0.4374338287009159},"point_estimate":0.35097481607999753,"standard_error":0.05235278901834156},"Slope":{"confidence_interval":{"confidence_level":0.95,"lower_bound":45.5441280196673,"upper_bound":46.05027610002889},"point_estimate":45.76178492059752,"standard_error":0.1315883065891061},"StdDev":{"confidence_interval":{"confidence_level":0.95,"lower_bound":0.5034925811385363,"upper_bound":1.132873119067469},"point_estimate":0.8420457772900231,"standard_error":0.16182942738291947}}