{"Mean":{"confidence_interval":{"confidence_level":0.95,"lower_bound":44.73998355396495,"upper_bound":46.78125299779397},"point_estimate":45.73437630579313,"standard_error":0.5205508982491031},"Median":{"confidence_interval":{"confidence_level":0.95,"lower_bound":43.509855235772626,"upper_bound":45.813007913221306},"point_estimate":44.55297641660672,"standard_error":0.5733330256624306},"MedianAbsDev":{"confidence_interval":{"confidence_level":0.95,"lower_bound":3.243861577302198,"upper_bound":5.643999559723831},"point_estimate":4.450413434174642,"standard_error":0.6285487407240127},"Slope":{"confidence_interval":{"confidence_level":0.95,"lower_bound":43.15162645013998,"upper_bound":45.66311935340032},"point_estimate":44.315076788912094,"standard_error":0.6424785679459626},"StdDev":{"confidence_interval":{"confidence_level":0.95,"lower_bound":4.299926018991326,"upper_bound":6.1084336444935925},"point_estimate":5.242146660229019,"standard_error":0.46307296129018133}}