{"Mean":{"confidence_interval":{"confidence_level":0.95,"lower_bound":39.663025150480095,"upper_bound":40.70942450074907},"point_estimate":40.15184222141472,"standard_error":0.26767328743039637},"Median":{"confidence_interval":{"confidence_level":0.95,"lower_bound":39.22918479586344,"upper_bound":39.921854884007615},"point_estimate":39.450450992461086,"standard_error":0.16318770410144606},"MedianAbsDev":{"confidence_interval":{"confidence_level":0.95,"lower_bound":0.999412812159491,"upper_bound":1.9682527401045204},"point_estimate":1.336650625910852,"standard_error":0.23685013188387039},"Slope":{"confidence_interval":{"confidence_level":0.95,"lower_bound":39.61456530967643,"upper_bound":40.346565548389236},"point_estimate":39.96201100719106,"standard_error":0.18732112286377983},"StdDev":{"confidence_interval":{"confidence_level":0.95,"lower_bound":1.685249138532111,"upper_bound":3.555681043939845},"point_estimate":2.691596045486051,"standard_error":0.474464042376782}}