{"Mean":{"confidence_interval":{"confidence_level":0.95,"lower_bound":54.49078867685252,"upper_bound":55.33873104124627},"point_estimate":54.87751811994904,"standard_error":0.2175850875287062},"Median":{"confidence_interval":{"confidence_level":0.95,"lower_bound":54.09315209046888,"upper_bound":54.28603054201618},"point_estimate":54.18213681885915,"standard_error":0.048767287086710444},"MedianAbsDev":{"confidence_interval":{"confidence_level":0.95,"lower_bound":0.2463710581454266,"upper_bound":0.4585537437951604},"point_estimate":0.3375911592001089,"standard_error":0.05397423365544101},"Slope":{"confidence_interval":{"confidence_level":0.95,"lower_bound":54.18087312620669,"upper_bound":54.534282711264154},"point_estimate":54.337977324285916,"standard_error":0.0907101375384658},"StdDev":{"confidence_interval":{"confidence_level":0.95,"lower_bound":1.2701526104903156,"upper_bound":2.9655256714338085},"point_estimate":2.1862631615041916,"standard_error":0.43607566517103563}}