{"Mean":{"confidence_interval":{"confidence_level":0.95,"lower_bound":51.05900861449383,"upper_bound":52.62923978448539},"point_estimate":51.815651623478885,"standard_error":0.40140771274177534},"Median":{"confidence_interval":{"confidence_level":0.95,"lower_bound":50.578560605841126,"upper_bound":51.361078357808985},"point_estimate":50.918684493395745,"standard_error":0.1884088875650525},"MedianAbsDev":{"confidence_interval":{"confidence_level":0.95,"lower_bound":1.903482351766201,"upper_bound":3.438009612355438},"point_estimate":2.6421339103764874,"standard_error":0.3856702553247923},"Slope":{"confidence_interval":{"confidence_level":0.95,"lower_bound":50.98744999600871,"upper_bound":52.1315262699483},"point_estimate":51.5527835689657,"standard_error":0.29082197506950735},"StdDev":{"confidence_interval":{"confidence_level":0.95,"lower_bound":3.0836792505405772,"upper_bound":4.880341116921662},"point_estimate":4.032407885180621,"standard_error":0.45984298136829727}}