{"Mean":{"confidence_interval":{"confidence_level":0.95,"lower_bound":41.1956646311581,"upper_bound":42.760391912999935},"point_estimate":41.95629664873631,"standard_error":0.3994250219630332},"Median":{"confidence_interval":{"confidence_level":0.95,"lower_bound":40.27230883602662,"upper_bound":41.60804663338653},"point_estimate":40.88360463128477,"standard_error":0.3260402781543191},"MedianAbsDev":{"confidence_interval":{"confidence_level":0.95,"lower_bound":1.9910956741767523,"upper_bound":3.6749256797686716},"point_estimate":2.7554113165830807,"standard_error":0.4349432370170772},"Slope":{"confidence_interval":{"confidence_level":0.95,"lower_bound":42.06486171123103,"upper_bound":44.315579124906876},"point_estimate":43.12926780478547,"standard_error":0.5746616728233155},"StdDev":{"confidence_interval":{"confidence_level":0.95,"lower_bound":3.222624358523993,"upper_bound":4.734757751038937},"point_estimate":4.01867273812787,"standard_error":0.38656317195828505}}