{"Mean":{"confidence_interval":{"confidence_level":0.95,"lower_bound":48.79481328068777,"upper_bound":49.4550447516635},"point_estimate":49.081421398456634,"standard_error":0.1693163991552234},"Median":{"confidence_interval":{"confidence_level":0.95,"lower_bound":48.604045733916834,"upper_bound":48.81747723299324},"point_estimate":48.70684608459672,"standard_error":0.05253923622707026},"MedianAbsDev":{"confidence_interval":{"confidence_level":0.95,"lower_bound":0.28558864039400267,"upper_bound":0.48757478909030555},"point_estimate":0.3780677442341828,"standard_error":0.05065507172817777},"Slope":{"confidence_interval":{"confidence_level":0.95,"lower_bound":48.69635967755418,"upper_bound":48.89457610848918},"point_estimate":48.78962047247429,"standard_error":0.05071019289009105},"StdDev":{"confidence_interval":{"confidence_level":0.95,"lower_bound":0.6398908365594324,"upper_bound":2.5513560363236447},"point_estimate":1.7021920139279443,"standard_error":0.4897468524525974}}