{"Mean":{"confidence_interval":{"confidence_level":0.95,"lower_bound":36.37735130080858,"upper_bound":37.195531173529425},"point_estimate":36.766404160365276,"standard_error":0.20893064844906045},"Median":{"confidence_interval":{"confidence_level":0.95,"lower_bound":36.00568353970146,"upper_bound":36.83817889240856},"point_estimate":36.25885267252552,"standard_error":0.19644225882660926},"MedianAbsDev":{"confidence_interval":{"confidence_level":0.95,"lower_bound":1.1529511002383044,"upper_bound":1.9657596862188038},"point_estimate":1.4892264871306844,"standard_error":0.20142686672801308},"Slope":{"confidence_interval":{"confidence_level":0.95,"lower_bound":36.37419523710942,"upper_bound":37.15269303764669},"point_estimate":36.73014632631896,"standard_error":0.19883530232053573},"StdDev":{"confidence_interval":{"confidence_level":0.95,"lower_bound":1.4901480880115507,"upper_bound":2.6865177974602092},"point_estimate":2.1004894306588837,"standard_error":0.3092669074774313}}