{"Mean":{"confidence_interval":{"confidence_level":0.95,"lower_bound":45.75914724410733,"upper_bound":46.700740230285966},"point_estimate":46.20676456538747,"standard_error":0.24049552055357204},"Median":{"confidence_interval":{"confidence_level":0.95,"lower_bound":45.32062624309837,"upper_bound":46.116151720194416},"point_estimate":45.736866244162776,"standard_error":0.1567528251564818},"MedianAbsDev":{"confidence_interval":{"confidence_level":0.95,"lower_bound":1.126965005733514,"upper_bound":2.291236063391807},"point_estimate":1.609128683771098,"standard_error":0.29784269839686006},"Slope":{"confidence_interval":{"confidence_level":0.95,"lower_bound":45.6579961747713,"upper_bound":46.330315944134085},"point_estimate":45.982816999563035,"standard_error":0.171036381332295},"StdDev":{"confidence_interval":{"confidence_level":0.95,"lower_bound":1.7437060387877088,"upper_bound":3.1589279795373577},"point_estimate":2.420659121595958,"standard_error":0.3750364407739121}}