{"Mean":{"confidence_interval":{"confidence_level":0.95,"lower_bound":51.56919572808777,"upper_bound":53.322541573652934},"point_estimate":52.41535142913504,"standard_error":0.4467370506154595},"Median":{"confidence_interval":{"confidence_level":0.95,"lower_bound":50.44102440610213,"upper_bound":52.63446157317661},"point_estimate":51.138543650027884,"standard_error":0.4770887733147359},"MedianAbsDev":{"confidence_interval":{"confidence_level":0.95,"lower_bound":2.914502175014756,"upper_bound":4.972805398822264},"point_estimate":3.6354818623005656,"standard_error":0.5400881116897487},"Slope":{"confidence_interval":{"confidence_level":0.95,"lower_bound":51.84355012132779,"upper_bound":54.33169562717213},"point_estimate":52.9989841101339,"standard_error":0.636096164131704},"StdDev":{"confidence_interval":{"confidence_level":0.95,"lower_bound":3.6399035812278395,"upper_bound":5.263716068343507},"point_estimate":4.488619051488521,"standard_error":0.41455766660767657}}