{"Mean":{"confidence_interval":{"confidence_level":0.95,"lower_bound":63.63285330202679,"upper_bound":64.07166076088771},"point_estimate":63.836651324195365,"standard_error":0.11194772787143123},"Median":{"confidence_interval":{"confidence_level":0.95,"lower_bound":63.447013035063755,"upper_bound":63.68008355158095},"point_estimate":63.61322027057877,"standard_error":0.06821453086249724},"MedianAbsDev":{"confidence_interval":{"confidence_level":0.95,"lower_bound":0.3324564612410582,"upper_bound":0.5869693413577575},"point_estimate":0.44308805237487225,"standard_error":0.06491129509241862},"Slope":{"confidence_interval":{"confidence_level":0.95,"lower_bound":63.54171216205708,"upper_bound":63.8721903689309},"point_estimate":63.69653162224101,"standard_error":0.08457505143396757},"StdDev":{"confidence_interval":{"confidence_level":0.95,"lower_bound":0.7311880162537674,"upper_bound":1.4617425100788346},"point_estimate":1.1287018654841487,"standard_error":0.18608019670331283}}