{"Mean":{"confidence_interval":{"confidence_level":0.95,"lower_bound":254.18522937825355,"upper_bound":256.0925091620228},"point_estimate":255.0688645357719,"standard_error":0.4875724721091311},"Median":{"confidence_interval":{"confidence_level":0.95,"lower_bound":253.27043788899937,"upper_bound":254.1268123906053},"point_estimate":253.6426140485988,"standard_error":0.2133594322715007},"MedianAbsDev":{"confidence_interval":{"confidence_level":0.95,"lower_bound":1.3646960276370053,"upper_bound":2.373440603695739},"point_estimate":1.8221755689431156,"standard_error":0.2550232655396541},"Slope":{"confidence_interval":{"confidence_level":0.95,"lower_bound":253.99875925892974,"upper_bound":257.08988123118803},"point_estimate":255.4231154039669,"standard_error":0.7914591282150707},"StdDev":{"confidence_interval":{"confidence_level":0.95,"lower_bound":3.0638250076149993,"upper_bound":6.430794003527294},"point_estimate":4.899220319711881,"standard_error":0.8574691093505901}}