{"Mean":{"confidence_interval":{"confidence_level":0.95,"lower_bound":42.6099969516224,"upper_bound":43.99311018279445},"point_estimate":43.25432989704089,"standard_error":0.35391042750442686},"Median":{"confidence_interval":{"confidence_level":0.95,"lower_bound":42.10052685580912,"upper_bound":43.20401827773303},"point_estimate":42.57453126066274,"standard_error":0.27736935798303314},"MedianAbsDev":{"confidence_interval":{"confidence_level":0.95,"lower_bound":1.7365648123864186,"upper_bound":2.6666780146258438},"point_estimate":2.195602864403164,"standard_error":0.22736110084154706},"Slope":{"confidence_interval":{"confidence_level":0.95,"lower_bound":42.86562376374236,"upper_bound":43.94266455103366},"point_estimate":43.39479608073541,"standard_error":0.2743087338199906},"StdDev":{"confidence_interval":{"confidence_level":0.95,"lower_bound":2.341503070193637,"upper_bound":4.80663779227353},"point_estimate":3.5477017283304932,"standard_error":0.6581051886691455}}