{"Mean":{"confidence_interval":{"confidence_level":0.95,"lower_bound":-0.008956851711365026,"upper_bound":0.010298998023378443},"point_estimate":-0.000947411940993792,"standard_error":0.004989993076419619},"Median":{"confidence_interval":{"confidence_level":0.95,"lower_bound":-0.006561371910105973,"upper_bound":-0.0018498948537129527},"point_estimate":-0.004092947044329387,"standard_error":0.0011432990621625626}}