{"Mean":{"confidence_interval":{"confidence_level":0.95,"lower_bound":0.16704013100212375,"upper_bound":0.228754432330687},"point_estimate":0.19506397575713974,"standard_error":0.015654355530348368},"Median":{"confidence_interval":{"confidence_level":0.95,"lower_bound":0.1348209328021206,"upper_bound":0.18093732168717835},"point_estimate":0.1515697278596304,"standard_error":0.012608188595143198}}