{"Mean":{"confidence_interval":{"confidence_level":0.95,"lower_bound":41.405907410521166,"upper_bound":42.649928627150295},"point_estimate":42.00442655964076,"standard_error":0.3179204039254289},"Median":{"confidence_interval":{"confidence_level":0.95,"lower_bound":40.42659707574468,"upper_bound":42.052236710084955},"point_estimate":41.12339225394369,"standard_error":0.4587415793767568},"MedianAbsDev":{"confidence_interval":{"confidence_level":0.95,"lower_bound":1.8117571813186306,"upper_bound":3.2063848161007074},"point_estimate":2.3584179324387273,"standard_error":0.3620987034714766},"Slope":{"confidence_interval":{"confidence_level":0.95,"lower_bound":40.5627396842377,"upper_bound":41.53014238068339},"point_estimate":41.02273901307972,"standard_error":0.247169818215801},"StdDev":{"confidence_interval":{"confidence_level":0.95,"lower_bound":2.5551738755173408,"upper_bound":3.7647341591837993},"point_estimate":3.194305700973779,"standard_error":0.30943567875793604}}