{"Mean":{"confidence_interval":{"confidence_level":0.95,"lower_bound":107.19372895454998,"upper_bound":109.50004249652972},"point_estimate":108.26920693229971,"standard_error":0.5910289265199654},"Median":{"confidence_interval":{"confidence_level":0.95,"lower_bound":105.90494692447719,"upper_bound":106.39072166760405},"point_estimate":106.17078846589489,"standard_error":0.12344762763137027},"MedianAbsDev":{"confidence_interval":{"confidence_level":0.95,"lower_bound":0.6137407746171283,"upper_bound":1.1946600685027529},"point_estimate":0.8534942348117295,"standard_error":0.14900978546279323},"Slope":{"confidence_interval":{"confidence_level":0.95,"lower_bound":107.77616326931509,"upper_bound":111.94632723549184},"point_estimate":109.81882437669375,"standard_error":1.069687370410802},"StdDev":{"confidence_interval":{"confidence_level":0.95,"lower_bound":3.9412142991204817,"upper_bound":7.633063305095688},"point_estimate":5.924605900288375,"standard_error":0.9437320523341522}}