{"Mean":{"confidence_interval":{"confidence_level":0.95,"lower_bound":42.078858403142476,"upper_bound":43.726162518479065},"point_estimate":42.883194425424854,"standard_error":0.41963556975765104},"Median":{"confidence_interval":{"confidence_level":0.95,"lower_bound":40.897903130218594,"upper_bound":42.38270637157523},"point_estimate":41.814973887243966,"standard_error":0.3564155000124022},"MedianAbsDev":{"confidence_interval":{"confidence_level":0.95,"lower_bound":2.8279184552948124,"upper_bound":4.8701058287242915},"point_estimate":3.8699192560633526,"standard_error":0.5473857712694551},"Slope":{"confidence_interval":{"confidence_level":0.95,"lower_bound":42.01541870252157,"upper_bound":44.32171434414754},"point_estimate":43.16499541902035,"standard_error":0.5884685842585551},"StdDev":{"confidence_interval":{"confidence_level":0.95,"lower_bound":3.644545369303016,"upper_bound":4.690717836265067},"point_estimate":4.209102879840366,"standard_error":0.2679295142874421}}