{"Mean":{"confidence_interval":{"confidence_level":0.95,"lower_bound":64.45346150443784,"upper_bound":64.93598677491576},"point_estimate":64.67510143347063,"standard_error":0.12332296827696176},"Median":{"confidence_interval":{"confidence_level":0.95,"lower_bound":64.20314251866895,"upper_bound":64.45835670055291},"point_estimate":64.32187546275729,"standard_error":0.06485734164978998},"MedianAbsDev":{"confidence_interval":{"confidence_level":0.95,"lower_bound":0.329989241236473,"upper_bound":0.5778259595786993},"point_estimate":0.45998261054633954,"standard_error":0.06365212933565403},"Slope":{"confidence_interval":{"confidence_level":0.95,"lower_bound":64.34492679204442,"upper_bound":64.78883557156371},"point_estimate":64.5483140541664,"standard_error":0.11396217400675791},"StdDev":{"confidence_interval":{"confidence_level":0.95,"lower_bound":0.741769149019904,"upper_bound":1.711595954705259},"point_estimate":1.2472586097773268,"standard_error":0.25173785061673193}}