{"Mean":{"confidence_interval":{"confidence_level":0.95,"lower_bound":49.73339537219458,"upper_bound":52.058793121631986},"point_estimate":50.82559931499187,"standard_error":0.5953679226009323},"Median":{"confidence_interval":{"confidence_level":0.95,"lower_bound":48.81850292189685,"upper_bound":50.451228884884},"point_estimate":49.51797741880543,"standard_error":0.37779263231056026},"MedianAbsDev":{"confidence_interval":{"confidence_level":0.95,"lower_bound":2.555157984382687,"upper_bound":5.1794360116560485},"point_estimate":3.2247815175621795,"standard_error":0.6386758919941244},"Slope":{"confidence_interval":{"confidence_level":0.95,"lower_bound":51.73219700855132,"upper_bound":55.97458195251248},"point_estimate":53.738431473198176,"standard_error":1.0861518195196618},"StdDev":{"confidence_interval":{"confidence_level":0.95,"lower_bound":4.100528524283275,"upper_bound":7.8372925711798205},"point_estimate":5.966508208266577,"standard_error":0.9757601611462234}}