{"Mean":{"confidence_interval":{"confidence_level":0.95,"lower_bound":76.30686371905145,"upper_bound":76.84183700210531},"point_estimate":76.55022547690356,"standard_error":0.13686218709134207},"Median":{"confidence_interval":{"confidence_level":0.95,"lower_bound":76.03455984904421,"upper_bound":76.3096184019955},"point_estimate":76.13098556461875,"standard_error":0.07868063044030729},"MedianAbsDev":{"confidence_interval":{"confidence_level":0.95,"lower_bound":0.40945063218209715,"upper_bound":0.7667285491055748},"point_estimate":0.5581919850507648,"standard_error":0.09107460285823213},"Slope":{"confidence_interval":{"confidence_level":0.95,"lower_bound":76.1801590049963,"upper_bound":76.98024354369645},"point_estimate":76.52286328185265,"standard_error":0.20766071073250417},"StdDev":{"confidence_interval":{"confidence_level":0.95,"lower_bound":0.7399809268772345,"upper_bound":1.8909987587266646},"point_estimate":1.3804853676048263,"standard_error":0.29253352764788293}}