{"Mean":{"confidence_interval":{"confidence_level":0.95,"lower_bound":65.30512450072594,"upper_bound":68.05690588217512},"point_estimate":66.65465240213194,"standard_error":0.7015003966991616},"Median":{"confidence_interval":{"confidence_level":0.95,"lower_bound":63.64872363744706,"upper_bound":66.87108713770273},"point_estimate":64.51818077319058,"standard_error":0.7410838695610236},"MedianAbsDev":{"confidence_interval":{"confidence_level":0.95,"lower_bound":4.726796702830154,"upper_bound":7.52106022512226},"point_estimate":6.168531478036998,"standard_error":0.7359413664460439},"Slope":{"confidence_interval":{"confidence_level":0.95,"lower_bound":65.37948488312615,"upper_bound":69.46578859493971},"point_estimate":67.3450226834654,"standard_error":1.041065684067167},"StdDev":{"confidence_interval":{"confidence_level":0.95,"lower_bound":5.87876781374595,"upper_bound":8.043191228279683},"point_estimate":7.046377759158055,"standard_error":0.5512934652987251}}