{"Mean":{"confidence_interval":{"confidence_level":0.95,"lower_bound":58.35197523421315,"upper_bound":61.3468152517383},"point_estimate":59.750793316560966,"standard_error":0.7700880602527997},"Median":{"confidence_interval":{"confidence_level":0.95,"lower_bound":56.59772235810174,"upper_bound":58.49517923170673},"point_estimate":57.267355817789635,"standard_error":0.41229847390546404},"MedianAbsDev":{"confidence_interval":{"confidence_level":0.95,"lower_bound":2.354977679051097,"upper_bound":4.455001209754227},"point_estimate":3.303365336017089,"standard_error":0.5470941937342956},"Slope":{"confidence_interval":{"confidence_level":0.95,"lower_bound":57.80445937190811,"upper_bound":59.83891632179102},"point_estimate":58.74117160069988,"standard_error":0.5190678700333088},"StdDev":{"confidence_interval":{"confidence_level":0.95,"lower_bound":5.001930365504491,"upper_bound":10.062372960958841},"point_estimate":7.76498254752731,"standard_error":1.2916748064661903}}