{"Mean":{"confidence_interval":{"confidence_level":0.95,"lower_bound":14.145674932766834,"upper_bound":14.360635972777196},"point_estimate":14.236084781885975,"standard_error":0.05587478018533132},"Median":{"confidence_interval":{"confidence_level":0.95,"lower_bound":14.083555595921883,"upper_bound":14.16032050042263},"point_estimate":14.1279169463078,"standard_error":0.0206319388915026},"MedianAbsDev":{"confidence_interval":{"confidence_level":0.95,"lower_bound":0.1005188226386202,"upper_bound":0.16146227454863588},"point_estimate":0.13233015943477508,"standard_error":0.015595589310688402},"Slope":{"confidence_interval":{"confidence_level":0.95,"lower_bound":14.10495141453272,"upper_bound":14.232389279945306},"point_estimate":14.162012731767653,"standard_error":0.032809273874138054},"StdDev":{"confidence_interval":{"confidence_level":0.95,"lower_bound":0.1956499722765191,"upper_bound":0.8840701532768586},"point_estimate":0.5612877932733207,"standard_error":0.19866422535085593}}