{"Mean":{"confidence_interval":{"confidence_level":0.95,"lower_bound":62.57332381277647,"upper_bound":66.49826025380091},"point_estimate":64.4252716600672,"standard_error":1.0005694932248343},"Median":{"confidence_interval":{"confidence_level":0.95,"lower_bound":60.38608044531396,"upper_bound":63.41241707363714},"point_estimate":61.207279088405045,"standard_error":0.7044693872927524},"MedianAbsDev":{"confidence_interval":{"confidence_level":0.95,"lower_bound":4.332879933040999,"upper_bound":7.440973130951644},"point_estimate":5.522121102409127,"standard_error":0.7337671668155997},"Slope":{"confidence_interval":{"confidence_level":0.95,"lower_bound":63.38121120794504,"upper_bound":67.27493433628483},"point_estimate":65.2653636907912,"standard_error":0.9927880051161087},"StdDev":{"confidence_interval":{"confidence_level":0.95,"lower_bound":7.057018389132991,"upper_bound":12.64991647298174},"point_estimate":10.039477259560446,"standard_error":1.4269439404906599}}