{"Mean":{"confidence_interval":{"confidence_level":0.95,"lower_bound":0.05114070437495565,"upper_bound":0.08601901527340584},"point_estimate":0.06835695807299214,"standard_error":0.008874126747083126},"Median":{"confidence_interval":{"confidence_level":0.95,"lower_bound":0.06219763416100521,"upper_bound":0.09277266699874298},"point_estimate":0.07484295159210497,"standard_error":0.008255228589493579}}