{"Mean":{"confidence_interval":{"confidence_level":0.95,"lower_bound":-0.01956970563476151,"upper_bound":-0.008700399638928437},"point_estimate":-0.014050689287691154,"standard_error":0.0027683844994237424},"Median":{"confidence_interval":{"confidence_level":0.95,"lower_bound":-0.0152893639440157,"upper_bound":-0.009811433540708348},"point_estimate":-0.012649807863666762,"standard_error":0.0013852521444648938}}