{"Mean":{"confidence_interval":{"confidence_level":0.95,"lower_bound":-0.06915024760760997,"upper_bound":-0.03478001363336779},"point_estimate":-0.05198570760342891,"standard_error":0.008773810684094108},"Median":{"confidence_interval":{"confidence_level":0.95,"lower_bound":-0.053959947322019544,"upper_bound":-0.02261663191511132},"point_estimate":-0.04298273454080748,"standard_error":0.008108717826372475}}