{"Mean":{"confidence_interval":{"confidence_level":0.95,"lower_bound":40.68903012330915,"upper_bound":41.52332408799225},"point_estimate":41.08742021204016,"standard_error":0.21322333695119441},"Median":{"confidence_interval":{"confidence_level":0.95,"lower_bound":40.413070294269545,"upper_bound":40.92671430815223},"point_estimate":40.68207219500588,"standard_error":0.13732697860237048},"MedianAbsDev":{"confidence_interval":{"confidence_level":0.95,"lower_bound":0.9335618877583732,"upper_bound":1.676530079652552},"point_estimate":1.3358273034029948,"standard_error":0.1871273829318459},"Slope":{"confidence_interval":{"confidence_level":0.95,"lower_bound":40.6947248234909,"upper_bound":41.34361459641545},"point_estimate":41.00821124856666,"standard_error":0.16574057956784846},"StdDev":{"confidence_interval":{"confidence_level":0.95,"lower_bound":1.5249904894725823,"upper_bound":2.7298072789821743},"point_estimate":2.1433247751876894,"standard_error":0.3093670888271772}}