{"Mean":{"confidence_interval":{"confidence_level":0.95,"lower_bound":70.25931712815127,"upper_bound":74.06647970544924},"point_estimate":72.06531729978241,"standard_error":0.9769250056283815},"Median":{"confidence_interval":{"confidence_level":0.95,"lower_bound":68.01711120038117,"upper_bound":71.36787857838671},"point_estimate":69.49994472436998,"standard_error":0.8392301310477912},"MedianAbsDev":{"confidence_interval":{"confidence_level":0.95,"lower_bound":5.584452210279695,"upper_bound":9.28904436330034},"point_estimate":7.428337109499967,"standard_error":0.9351617672841003},"Slope":{"confidence_interval":{"confidence_level":0.95,"lower_bound":70.87645712806903,"upper_bound":76.69895216695586},"point_estimate":73.68798906937967,"standard_error":1.488374920383372},"StdDev":{"confidence_interval":{"confidence_level":0.95,"lower_bound":7.148829372385043,"upper_bound":12.357603229713732},"point_estimate":9.79444023071285,"standard_error":1.3422665845229793}}