{"Mean":{"confidence_interval":{"confidence_level":0.95,"lower_bound":40.968824605469095,"upper_bound":41.75418042324135},"point_estimate":41.353359440239686,"standard_error":0.19999617068217096},"Median":{"confidence_interval":{"confidence_level":0.95,"lower_bound":40.509189727582516,"upper_bound":41.27727349708906},"point_estimate":40.91340528427814,"standard_error":0.19195566075313322},"MedianAbsDev":{"confidence_interval":{"confidence_level":0.95,"lower_bound":1.2152273452001656,"upper_bound":2.1957894423462987},"point_estimate":1.7239528339255341,"standard_error":0.27008767051025706},"Slope":{"confidence_interval":{"confidence_level":0.95,"lower_bound":40.55475212962221,"upper_bound":41.21097604172492},"point_estimate":40.86821836697818,"standard_error":0.1676282737887},"StdDev":{"confidence_interval":{"confidence_level":0.95,"lower_bound":1.6869776070926095,"upper_bound":2.2784960050321703},"point_estimate":2.006931252118918,"standard_error":0.15082640946549203}}