{"Mean":{"confidence_interval":{"confidence_level":0.95,"lower_bound":56.69128631182662,"upper_bound":57.608622538462676},"point_estimate":57.1365776403089,"standard_error":0.23409137885056022},"Median":{"confidence_interval":{"confidence_level":0.95,"lower_bound":56.47489902845473,"upper_bound":57.062835332710094},"point_estimate":56.772884717021185,"standard_error":0.16004106849862618},"MedianAbsDev":{"confidence_interval":{"confidence_level":0.95,"lower_bound":1.202812039782522,"upper_bound":2.0812654713279697},"point_estimate":1.5397258578632798,"standard_error":0.22695138231271564},"Slope":{"confidence_interval":{"confidence_level":0.95,"lower_bound":56.87575740607931,"upper_bound":57.77264933585604},"point_estimate":57.30448337528129,"standard_error":0.22842517234510215},"StdDev":{"confidence_interval":{"confidence_level":0.95,"lower_bound":1.810746091490929,"upper_bound":2.9237847437238105},"point_estimate":2.3614143638924325,"standard_error":0.2886185715486027}}