{"Mean":{"confidence_interval":{"confidence_level":0.95,"lower_bound":83.65982466623022,"upper_bound":84.68072098461697},"point_estimate":84.10729969080654,"standard_error":0.2624954190893183},"Median":{"confidence_interval":{"confidence_level":0.95,"lower_bound":83.24572522882076,"upper_bound":83.5919893288735},"point_estimate":83.41337986087206,"standard_error":0.07639653578650918},"MedianAbsDev":{"confidence_interval":{"confidence_level":0.95,"lower_bound":0.48383138593737546,"upper_bound":0.854033043958982},"point_estimate":0.6385413789038972,"standard_error":0.09597114491536426},"Slope":{"confidence_interval":{"confidence_level":0.95,"lower_bound":83.4301539357457,"upper_bound":84.01132225394227},"point_estimate":83.6935057557699,"standard_error":0.14907475558756783},"StdDev":{"confidence_interval":{"confidence_level":0.95,"lower_bound":1.1885962335879212,"upper_bound":3.978347900923882},"point_estimate":2.6452353279966263,"standard_error":0.7710816190268301}}