{"Mean":{"confidence_interval":{"confidence_level":0.95,"lower_bound":57.77389173193035,"upper_bound":59.685831775056556},"point_estimate":58.657285366260446,"standard_error":0.48752689761043966},"Median":{"confidence_interval":{"confidence_level":0.95,"lower_bound":56.52100030525747,"upper_bound":57.976640865650424},"point_estimate":57.15572896646745,"standard_error":0.3888689629505635},"MedianAbsDev":{"confidence_interval":{"confidence_level":0.95,"lower_bound":1.7407178237321108,"upper_bound":3.3896810951041694},"point_estimate":2.304928856713104,"standard_error":0.43621545167134806},"Slope":{"confidence_interval":{"confidence_level":0.95,"lower_bound":57.417968397071775,"upper_bound":59.66956001490635},"point_estimate":58.45618883244186,"standard_error":0.5768795392516185},"StdDev":{"confidence_interval":{"confidence_level":0.95,"lower_bound":3.137053940778303,"upper_bound":6.7860686508640145},"point_estimate":4.905499980805159,"standard_error":1.0086669339381156}}