{"Mean":{"confidence_interval":{"confidence_level":0.95,"lower_bound":42.314570250226154,"upper_bound":42.981746887276344},"point_estimate":42.60277616575943,"standard_error":0.17150427895036682},"Median":{"confidence_interval":{"confidence_level":0.95,"lower_bound":42.16516125478532,"upper_bound":42.36588921282799},"point_estimate":42.25134984220896,"standard_error":0.05271706625935121},"MedianAbsDev":{"confidence_interval":{"confidence_level":0.95,"lower_bound":0.2706674920136627,"upper_bound":0.48180691037397033},"point_estimate":0.3425956512591151,"standard_error":0.05424699616177249},"Slope":{"confidence_interval":{"confidence_level":0.95,"lower_bound":42.358863042403165,"upper_bound":42.843358486915804},"point_estimate":42.555682713846195,"standard_error":0.12700126064554193},"StdDev":{"confidence_interval":{"confidence_level":0.95,"lower_bound":0.5439647016203253,"upper_bound":2.6152178856826556},"point_estimate":1.7268504092186006,"standard_error":0.5251423093970329}}