{"Mean":{"confidence_interval":{"confidence_level":0.95,"lower_bound":0.016914788262325915,"upper_bound":0.04766239915979286},"point_estimate":0.03246048439605431,"standard_error":0.007898775876514214},"Median":{"confidence_interval":{"confidence_level":0.95,"lower_bound":0.014486876007835603,"upper_bound":0.043982470225436554},"point_estimate":0.03010771684679825,"standard_error":0.00806307391532059}}