{"Mean":{"confidence_interval":{"confidence_level":0.95,"lower_bound":0.03254929763515512,"upper_bound":0.08020122637447935},"point_estimate":0.056517443759622754,"standard_error":0.012130181116191983},"Median":{"confidence_interval":{"confidence_level":0.95,"lower_bound":0.038003901479201296,"upper_bound":0.08506160026555087},"point_estimate":0.06393796610570845,"standard_error":0.011898867354441945}}