{"Mean":{"confidence_interval":{"confidence_level":0.95,"lower_bound":0.04779188816542161,"upper_bound":0.11820554234818145},"point_estimate":0.08188006233566969,"standard_error":0.017934366496088986},"Median":{"confidence_interval":{"confidence_level":0.95,"lower_bound":0.065632461923527,"upper_bound":0.12202315693534915},"point_estimate":0.09414100481188425,"standard_error":0.014355783226325443}}