{"Mean":{"confidence_interval":{"confidence_level":0.95,"lower_bound":0.0027365050800289953,"upper_bound":0.044299273564560995},"point_estimate":0.01919863448507142,"standard_error":0.010570414856063146},"Median":{"confidence_interval":{"confidence_level":0.95,"lower_bound":-0.002895172780701283,"upper_bound":0.003797749470775713},"point_estimate":0.0016669726948412844,"standard_error":0.0017461895783701799}}