{"Mean":{"confidence_interval":{"confidence_level":0.95,"lower_bound":39.79425669569413,"upper_bound":40.607080224792654},"point_estimate":40.194442621382535,"standard_error":0.20687115004289794},"Median":{"confidence_interval":{"confidence_level":0.95,"lower_bound":39.44021202348423,"upper_bound":40.49025267726901},"point_estimate":40.02194930486809,"standard_error":0.2425991593092429},"MedianAbsDev":{"confidence_interval":{"confidence_level":0.95,"lower_bound":1.4153338556038726,"upper_bound":2.2397100279722477},"point_estimate":1.7494340015233114,"standard_error":0.220454997576713},"Slope":{"confidence_interval":{"confidence_level":0.95,"lower_bound":40.17636887518359,"upper_bound":41.12851097809139},"point_estimate":40.652277068941316,"standard_error":0.2430120759982611},"StdDev":{"confidence_interval":{"confidence_level":0.95,"lower_bound":1.7215202304689923,"upper_bound":2.4124926841921543},"point_estimate":2.083122725942454,"standard_error":0.17648964185610533}}