{"Mean":{"confidence_interval":{"confidence_level":0.95,"lower_bound":44.969078972672605,"upper_bound":46.46567103635126},"point_estimate":45.69895405435707,"standard_error":0.3833572518131404},"Median":{"confidence_interval":{"confidence_level":0.95,"lower_bound":44.438082342210095,"upper_bound":46.02945958184142},"point_estimate":45.29666019737342,"standard_error":0.41880902737154124},"MedianAbsDev":{"confidence_interval":{"confidence_level":0.95,"lower_bound":2.3612659284603654,"upper_bound":4.287514916483409},"point_estimate":3.2852810578724707,"standard_error":0.48269654587151084},"Slope":{"confidence_interval":{"confidence_level":0.95,"lower_bound":45.358308241302744,"upper_bound":47.24818269616131},"point_estimate":46.250110671802204,"standard_error":0.4812448996621319},"StdDev":{"confidence_interval":{"confidence_level":0.95,"lower_bound":3.0641158725106266,"upper_bound":4.562840832466438},"point_estimate":3.8511383097400245,"standard_error":0.38346537740181574}}