{"Mean":{"confidence_interval":{"confidence_level":0.95,"lower_bound":257.89549333824914,"upper_bound":260.51314601563723},"point_estimate":259.0722791253318,"standard_error":0.6695786321651905},"Median":{"confidence_interval":{"confidence_level":0.95,"lower_bound":256.6544487502483,"upper_bound":257.6522555091152},"point_estimate":256.8832714109958,"standard_error":0.2735991026723238},"MedianAbsDev":{"confidence_interval":{"confidence_level":0.95,"lower_bound":1.139202209806938,"upper_bound":2.3382799353226864},"point_estimate":1.613055522416552,"standard_error":0.2878828842584865},"Slope":{"confidence_interval":{"confidence_level":0.95,"lower_bound":257.34982143798845,"upper_bound":259.09362671901727},"point_estimate":258.1223659240444,"standard_error":0.44630698961935183},"StdDev":{"confidence_interval":{"confidence_level":0.95,"lower_bound":3.5343078752271615,"upper_bound":9.563977751440325},"point_estimate":6.722677703515637,"standard_error":1.5626911136203376}}