{"Mean":{"confidence_interval":{"confidence_level":0.95,"lower_bound":40.880874862126426,"upper_bound":41.9987820128539},"point_estimate":41.40330090335936,"standard_error":0.2852073757857877},"Median":{"confidence_interval":{"confidence_level":0.95,"lower_bound":40.16542963523119,"upper_bound":40.93795951235458},"point_estimate":40.663808522249845,"standard_error":0.2283283348334081},"MedianAbsDev":{"confidence_interval":{"confidence_level":0.95,"lower_bound":1.018110129639599,"upper_bound":2.381743449243533},"point_estimate":1.6113284365673028,"standard_error":0.365860200415943},"Slope":{"confidence_interval":{"confidence_level":0.95,"lower_bound":40.44406487548303,"upper_bound":41.23117217467041},"point_estimate":40.81919212317096,"standard_error":0.20038344323925983},"StdDev":{"confidence_interval":{"confidence_level":0.95,"lower_bound":1.9327045963119,"upper_bound":3.874369588001914},"point_estimate":2.858025609832969,"standard_error":0.5287240649835683}}