{"Mean":{"confidence_interval":{"confidence_level":0.95,"lower_bound":123.84544525472668,"upper_bound":130.9114860964598},"point_estimate":127.25697753868845,"standard_error":1.8031619737545697},"Median":{"confidence_interval":{"confidence_level":0.95,"lower_bound":122.15490244592111,"upper_bound":127.31558482097363},"point_estimate":125.58154962261688,"standard_error":1.5056416963483423},"MedianAbsDev":{"confidence_interval":{"confidence_level":0.95,"lower_bound":11.16070897399632,"upper_bound":20.218773440841645},"point_estimate":15.102105433551603,"standard_error":2.3058437659582913},"Slope":{"confidence_interval":{"confidence_level":0.95,"lower_bound":125.63033233153455,"upper_bound":134.37928703611848},"point_estimate":129.62219051757708,"standard_error":2.2324030137763593},"StdDev":{"confidence_interval":{"confidence_level":0.95,"lower_bound":13.962795028560928,"upper_bound":22.077508166189325},"point_estimate":18.13591478836856,"standard_error":2.083826692815853}}