{"Mean":{"confidence_interval":{"confidence_level":0.95,"lower_bound":143.7613603753857,"upper_bound":144.86158598196536},"point_estimate":144.26792924771672,"standard_error":0.28070209897069154},"Median":{"confidence_interval":{"confidence_level":0.95,"lower_bound":143.31497039390058,"upper_bound":143.81852602036088},"point_estimate":143.59709378219276,"standard_error":0.1464323417897177},"MedianAbsDev":{"confidence_interval":{"confidence_level":0.95,"lower_bound":0.9071795035921097,"upper_bound":1.4369608600168098},"point_estimate":1.2262366653992627,"standard_error":0.13866377339874694},"Slope":{"confidence_interval":{"confidence_level":0.95,"lower_bound":143.783034134951,"upper_bound":144.99957588782726},"point_estimate":144.32723977575668,"standard_error":0.31345674696385906},"StdDev":{"confidence_interval":{"confidence_level":0.95,"lower_bound":1.7483475508953297,"upper_bound":3.8213247432679163},"point_estimate":2.833854550157458,"standard_error":0.533009129336041}}