{"Mean":{"confidence_interval":{"confidence_level":0.95,"lower_bound":0.001876207597036851,"upper_bound":0.05975377391503863},"point_estimate":0.031278570947893325,"standard_error":0.0147762435600642},"Median":{"confidence_interval":{"confidence_level":0.95,"lower_bound":0.011451853651273103,"upper_bound":0.06178770988658022},"point_estimate":0.03272682600737675,"standard_error":0.012158839079263701}}