{"Mean":{"confidence_interval":{"confidence_level":0.95,"lower_bound":-0.01805955558281539,"upper_bound":-0.007899622848083876},"point_estimate":-0.012964032381731272,"standard_error":0.0025818003139868595},"Median":{"confidence_interval":{"confidence_level":0.95,"lower_bound":-0.014446971169368772,"upper_bound":-0.008608680461716034},"point_estimate":-0.011017327885422645,"standard_error":0.001489131701513336}}