{"Mean":{"confidence_interval":{"confidence_level":0.95,"lower_bound":-0.6620527419238248,"upper_bound":-0.657089154602807},"point_estimate":-0.6595587315210714,"standard_error":0.0012594453181204877},"Median":{"confidence_interval":{"confidence_level":0.95,"lower_bound":-0.6601510795167184,"upper_bound":-0.6578045295715751},"point_estimate":-0.658792926105205,"standard_error":0.0006291247999299443}}