{"Mean":{"confidence_interval":{"confidence_level":0.95,"lower_bound":0.01922295319094327,"upper_bound":0.03047126335294324},"point_estimate":0.024696424980470644,"standard_error":0.0028557204266368517},"Median":{"confidence_interval":{"confidence_level":0.95,"lower_bound":0.020314977217016583,"upper_bound":0.02747160581554753},"point_estimate":0.02306012767704324,"standard_error":0.001823246951378774}}