{"Mean":{"confidence_interval":{"confidence_level":0.95,"lower_bound":-0.11306731458261174,"upper_bound":-0.04616197617435205},"point_estimate":-0.0804382639300869,"standard_error":0.016985980104014274},"Median":{"confidence_interval":{"confidence_level":0.95,"lower_bound":-0.11889394354556287,"upper_bound":-0.06881479127077184},"point_estimate":-0.10282993395940943,"standard_error":0.013055167415510825}}