{"Mean":{"confidence_interval":{"confidence_level":0.95,"lower_bound":245.2359457460295,"upper_bound":253.64345467661659},"point_estimate":249.21578309654436,"standard_error":2.154188780351206},"Median":{"confidence_interval":{"confidence_level":0.95,"lower_bound":240.8796637319209,"upper_bound":248.68073072109368},"point_estimate":245.55973688620747,"standard_error":2.047340583297342},"MedianAbsDev":{"confidence_interval":{"confidence_level":0.95,"lower_bound":10.45793546156052,"upper_bound":17.273983159410516},"point_estimate":14.17203286561327,"standard_error":1.70250615474846},"Slope":{"confidence_interval":{"confidence_level":0.95,"lower_bound":244.846023293951,"upper_bound":250.47579315430878},"point_estimate":247.613963879065,"standard_error":1.4371274526152542},"StdDev":{"confidence_interval":{"confidence_level":0.95,"lower_bound":14.800947432809926,"upper_bound":27.831067626084945},"point_estimate":21.632787192847537,"standard_error":3.3362996770753846}}