{"Mean":{"confidence_interval":{"confidence_level":0.95,"lower_bound":39.675959464801984,"upper_bound":40.63720823001523},"point_estimate":40.13637029273045,"standard_error":0.24550356457477232},"Median":{"confidence_interval":{"confidence_level":0.95,"lower_bound":39.463803974932716,"upper_bound":40.038750117235125},"point_estimate":39.73485052838896,"standard_error":0.15472840932827356},"MedianAbsDev":{"confidence_interval":{"confidence_level":0.95,"lower_bound":1.1805401522474184,"upper_bound":1.9565431988057282},"point_estimate":1.530255928612621,"standard_error":0.194241974378751},"Slope":{"confidence_interval":{"confidence_level":0.95,"lower_bound":39.979380616942265,"upper_bound":40.88588092577904},"point_estimate":40.40379800945413,"standard_error":0.23108250646891507},"StdDev":{"confidence_interval":{"confidence_level":0.95,"lower_bound":1.8215723684263014,"upper_bound":3.0413095640977894},"point_estimate":2.4592829100012232,"standard_error":0.31332562305971834}}