{"Mean":{"confidence_interval":{"confidence_level":0.95,"lower_bound":0.020428142620116895,"upper_bound":0.0775599798677955},"point_estimate":0.0457538022789763,"standard_error":0.014708806879966868},"Median":{"confidence_interval":{"confidence_level":0.95,"lower_bound":-0.004341803231991959,"upper_bound":0.030297400113868722},"point_estimate":0.008709634946913347,"standard_error":0.008044450766104341}}