{"Mean":{"confidence_interval":{"confidence_level":0.95,"lower_bound":-0.09671481520953283,"upper_bound":-0.08419072868507359},"point_estimate":-0.08985039635898584,"standard_error":0.003199955026709318},"Median":{"confidence_interval":{"confidence_level":0.95,"lower_bound":-0.08970342661438646,"upper_bound":-0.08479535394863369},"point_estimate":-0.08730487013474153,"standard_error":0.0012143380941903436}}