{"Mean":{"confidence_interval":{"confidence_level":0.95,"lower_bound":0.10655885539576353,"upper_bound":0.16677592358206694},"point_estimate":0.13634055831147562,"standard_error":0.015395657658136278},"Median":{"confidence_interval":{"confidence_level":0.95,"lower_bound":0.10436285665175538,"upper_bound":0.17156930261308334},"point_estimate":0.1288138903983289,"standard_error":0.015593432326427872}}