{"Mean":{"confidence_interval":{"confidence_level":0.95,"lower_bound":-0.05988632749534031,"upper_bound":0.00892801417420634},"point_estimate":-0.02517371966705817,"standard_error":0.01758677287654616},"Median":{"confidence_interval":{"confidence_level":0.95,"lower_bound":-0.03845469723624062,"upper_bound":-0.02180707206114979},"point_estimate":-0.032914946755037255,"standard_error":0.004424780375549185}}