{"Mean":{"confidence_interval":{"confidence_level":0.95,"lower_bound":47.230883713305474,"upper_bound":47.56897729282242},"point_estimate":47.3838466119809,"standard_error":0.08653665266475423},"Median":{"confidence_interval":{"confidence_level":0.95,"lower_bound":47.14417302780115,"upper_bound":47.27745079742372},"point_estimate":47.1892384555688,"standard_error":0.03324559864514068},"MedianAbsDev":{"confidence_interval":{"confidence_level":0.95,"lower_bound":0.24870051386730663,"upper_bound":0.48258650591211577},"point_estimate":0.3340301809229646,"standard_error":0.05887446825038441},"Slope":{"confidence_interval":{"confidence_level":0.95,"lower_bound":47.123301779091136,"upper_bound":47.36295623063133},"point_estimate":47.2330397117103,"standard_error":0.06131405067536869},"StdDev":{"confidence_interval":{"confidence_level":0.95,"lower_bound":0.4681384048791772,"upper_bound":1.2369027501738805},"point_estimate":0.8656818945904273,"standard_error":0.20208989367236901}}