{"Mean":{"confidence_interval":{"confidence_level":0.95,"lower_bound":41.51640805859092,"upper_bound":42.38311867049113},"point_estimate":41.94179055765112,"standard_error":0.2210685563015761},"Median":{"confidence_interval":{"confidence_level":0.95,"lower_bound":41.13309202995187,"upper_bound":42.13722364391492},"point_estimate":41.54050719293465,"standard_error":0.2913233373455296},"MedianAbsDev":{"confidence_interval":{"confidence_level":0.95,"lower_bound":1.559259228330208,"upper_bound":2.6334384918225515},"point_estimate":2.0525222581306704,"standard_error":0.27311046399923194},"Slope":{"confidence_interval":{"confidence_level":0.95,"lower_bound":41.587780718138944,"upper_bound":42.89194337655039},"point_estimate":42.212604922257235,"standard_error":0.33452864850669933},"StdDev":{"confidence_interval":{"confidence_level":0.95,"lower_bound":1.8225885694675605,"upper_bound":2.5750037666417454},"point_estimate":2.2150073871792113,"standard_error":0.19240508008833562}}