{"Mean":{"confidence_interval":{"confidence_level":0.95,"lower_bound":37.636850907816175,"upper_bound":38.27875322360037},"point_estimate":37.94729732559822,"standard_error":0.16356911564686288},"Median":{"confidence_interval":{"confidence_level":0.95,"lower_bound":37.41037538902201,"upper_bound":38.12006827022307},"point_estimate":37.70432376729369,"standard_error":0.19677350341652758},"MedianAbsDev":{"confidence_interval":{"confidence_level":0.95,"lower_bound":1.1233672629049736,"upper_bound":1.7698262603771693},"point_estimate":1.5349949862436694,"standard_error":0.16169029447887184},"Slope":{"confidence_interval":{"confidence_level":0.95,"lower_bound":37.60156185167668,"upper_bound":38.08890397883511},"point_estimate":37.8400681200791,"standard_error":0.12384050827963167},"StdDev":{"confidence_interval":{"confidence_level":0.95,"lower_bound":1.2676218719934902,"upper_bound":2.007855087708149},"point_estimate":1.649057028978674,"standard_error":0.19039294804526502}}