{"Mean":{"confidence_interval":{"confidence_level":0.95,"lower_bound":60.49284955575169,"upper_bound":63.10054599016286},"point_estimate":61.722175402444364,"standard_error":0.665201281723138},"Median":{"confidence_interval":{"confidence_level":0.95,"lower_bound":59.1489086177465,"upper_bound":61.258787224734014},"point_estimate":60.21355861590307,"standard_error":0.5810317813458364},"MedianAbsDev":{"confidence_interval":{"confidence_level":0.95,"lower_bound":2.8692832861764237,"upper_bound":5.809518749837182},"point_estimate":4.532490613165803,"standard_error":0.7350458698524711},"Slope":{"confidence_interval":{"confidence_level":0.95,"lower_bound":60.92198928075785,"upper_bound":63.02085612792327},"point_estimate":61.922044292188865,"standard_error":0.5354834723577628},"StdDev":{"confidence_interval":{"confidence_level":0.95,"lower_bound":4.708990634508457,"upper_bound":8.92833191223524},"point_estimate":6.664562684258803,"standard_error":1.1767175381525221}}