{"Mean":{"confidence_interval":{"confidence_level":0.95,"lower_bound":-0.6248677434086234,"upper_bound":-0.6210116477080785},"point_estimate":-0.6229587050875155,"standard_error":0.0009808367752325374},"Median":{"confidence_interval":{"confidence_level":0.95,"lower_bound":-0.6234242641272667,"upper_bound":-0.6218393461982884},"point_estimate":-0.622636220333178,"standard_error":0.0003946009429198438}}