{"Mean":{"confidence_interval":{"confidence_level":0.95,"lower_bound":38.50361401567175,"upper_bound":39.30490141039636},"point_estimate":38.89544727913744,"standard_error":0.2043737000894869},"Median":{"confidence_interval":{"confidence_level":0.95,"lower_bound":38.12217782226496,"upper_bound":38.80960318131822},"point_estimate":38.330745402397426,"standard_error":0.17547794910566486},"MedianAbsDev":{"confidence_interval":{"confidence_level":0.95,"lower_bound":1.1479077206271124,"upper_bound":2.116875219955882},"point_estimate":1.5499933238573165,"standard_error":0.2551568753503774},"Slope":{"confidence_interval":{"confidence_level":0.95,"lower_bound":38.42829635693669,"upper_bound":39.32377609980592},"point_estimate":38.86631087295689,"standard_error":0.2284664384095069},"StdDev":{"confidence_interval":{"confidence_level":0.95,"lower_bound":1.7270580065895185,"upper_bound":2.3374336113671874},"point_estimate":2.0526603630324396,"standard_error":0.15559868193823553}}