{"Mean":{"confidence_interval":{"confidence_level":0.95,"lower_bound":47.42699737721109,"upper_bound":47.79732285429818},"point_estimate":47.59358937926698,"standard_error":0.0943921811696944},"Median":{"confidence_interval":{"confidence_level":0.95,"lower_bound":47.31085955914705,"upper_bound":47.4611380726029},"point_estimate":47.38902160090825,"standard_error":0.03869003393483289},"MedianAbsDev":{"confidence_interval":{"confidence_level":0.95,"lower_bound":0.24843104779353492,"upper_bound":0.45973249119600706},"point_estimate":0.3674627929606583,"standard_error":0.054172400868318184},"Slope":{"confidence_interval":{"confidence_level":0.95,"lower_bound":47.34014428514045,"upper_bound":47.57917597381976},"point_estimate":47.443415670107,"standard_error":0.061422159763895916},"StdDev":{"confidence_interval":{"confidence_level":0.95,"lower_bound":0.49834775320833197,"upper_bound":1.3254209950038758},"point_estimate":0.9473651467878776,"standard_error":0.21213739710323212}}