{"Mean":{"confidence_interval":{"confidence_level":0.95,"lower_bound":43.42842167905391,"upper_bound":44.51128734775459},"point_estimate":43.96200947007086,"standard_error":0.27752291263260626},"Median":{"confidence_interval":{"confidence_level":0.95,"lower_bound":43.00692707267922,"upper_bound":44.02796537572715},"point_estimate":43.40469218407949,"standard_error":0.266873833590697},"MedianAbsDev":{"confidence_interval":{"confidence_level":0.95,"lower_bound":1.9882387847658434,"upper_bound":3.3818898788721397},"point_estimate":2.840540483974222,"standard_error":0.3457875536185047},"Slope":{"confidence_interval":{"confidence_level":0.95,"lower_bound":43.05142747864225,"upper_bound":44.36461276473989},"point_estimate":43.669965361966995,"standard_error":0.33522682963440686},"StdDev":{"confidence_interval":{"confidence_level":0.95,"lower_bound":2.3503709014384087,"upper_bound":3.191440070985048},"point_estimate":2.79504525772685,"standard_error":0.21483024486358113}}