{"Mean":{"confidence_interval":{"confidence_level":0.95,"lower_bound":118.72894023429177,"upper_bound":121.31903751249926},"point_estimate":119.99290450170103,"standard_error":0.6592011752949248},"Median":{"confidence_interval":{"confidence_level":0.95,"lower_bound":119.93318095279363,"upper_bound":120.4376329086517},"point_estimate":120.0802643337022,"standard_error":0.1424998920579246},"MedianAbsDev":{"confidence_interval":{"confidence_level":0.95,"lower_bound":1.0131738229771097,"upper_bound":1.8250679713271432},"point_estimate":1.3706652329527185,"standard_error":0.2071928643519154},"Slope":{"confidence_interval":{"confidence_level":0.95,"lower_bound":115.29865669900138,"upper_bound":120.21110123677292},"point_estimate":117.62231246127297,"standard_error":1.250560510020461},"StdDev":{"confidence_interval":{"confidence_level":0.95,"lower_bound":4.4879437176852015,"upper_bound":8.66939957156461},"point_estimate":6.64026040446093,"standard_error":1.0786695674079725}}