{"Mean":{"confidence_interval":{"confidence_level":0.95,"lower_bound":87.7928888643663,"upper_bound":88.68648118848392},"point_estimate":88.19889533315504,"standard_error":0.22910215198935116},"Median":{"confidence_interval":{"confidence_level":0.95,"lower_bound":87.4409979008558,"upper_bound":87.8836077741771},"point_estimate":87.65038937066834,"standard_error":0.13039480616909602},"MedianAbsDev":{"confidence_interval":{"confidence_level":0.95,"lower_bound":0.656022857390156,"upper_bound":1.175018084601075},"point_estimate":0.8814629187039751,"standard_error":0.13777918208750384},"Slope":{"confidence_interval":{"confidence_level":0.95,"lower_bound":87.75891519319036,"upper_bound":88.51646064071662},"point_estimate":88.10285562366316,"standard_error":0.19363543128940802},"StdDev":{"confidence_interval":{"confidence_level":0.95,"lower_bound":1.2756918945528033,"upper_bound":3.251815369732434},"point_estimate":2.2979656624416767,"standard_error":0.5175879876517787}}