{"Mean":{"confidence_interval":{"confidence_level":0.95,"lower_bound":252.69905623065185,"upper_bound":264.4866649707254},"point_estimate":258.27437753834204,"standard_error":3.011078660660586},"Median":{"confidence_interval":{"confidence_level":0.95,"lower_bound":248.87636933690857,"upper_bound":255.03691875178802},"point_estimate":251.56726407656464,"standard_error":1.735174523038203},"MedianAbsDev":{"confidence_interval":{"confidence_level":0.95,"lower_bound":11.530628434148841,"upper_bound":20.779897165305382},"point_estimate":14.635469217510426,"standard_error":2.3767098809309934},"Slope":{"confidence_interval":{"confidence_level":0.95,"lower_bound":256.9659988413217,"upper_bound":273.06457786250024},"point_estimate":264.11516863363244,"standard_error":4.137692183897565},"StdDev":{"confidence_interval":{"confidence_level":0.95,"lower_bound":20.976501799448364,"upper_bound":38.00505993592534},"point_estimate":30.20265944202258,"standard_error":4.352882086799534}}