{"Mean":{"confidence_interval":{"confidence_level":0.95,"lower_bound":319.9593494394032,"upper_bound":324.19371594705814},"point_estimate":321.7141269237113,"standard_error":1.1078215940578224},"Median":{"confidence_interval":{"confidence_level":0.95,"lower_bound":318.54179998888793,"upper_bound":319.9386984260525},"point_estimate":319.2502442349585,"standard_error":0.3642405742667081},"MedianAbsDev":{"confidence_interval":{"confidence_level":0.95,"lower_bound":1.7457542589967805,"upper_bound":3.3250170883454473},"point_estimate":2.4374492509288848,"standard_error":0.3999069683916355},"Slope":{"confidence_interval":{"confidence_level":0.95,"lower_bound":319.56743108788805,"upper_bound":321.93063748530113},"point_estimate":320.65255851861394,"standard_error":0.6064480701259252},"StdDev":{"confidence_interval":{"confidence_level":0.95,"lower_bound":3.8346766853112744,"upper_bound":17.705250797719398},"point_estimate":11.113415847345784,"standard_error":4.175474523854522}}