{"Mean":{"confidence_interval":{"confidence_level":0.95,"lower_bound":226.5353561814996,"upper_bound":231.5152839167755},"point_estimate":228.95964185290686,"standard_error":1.2721360003875668},"Median":{"confidence_interval":{"confidence_level":0.95,"lower_bound":224.43320954726926,"upper_bound":229.97728967904973},"point_estimate":226.9652689201501,"standard_error":1.3758006196836448},"MedianAbsDev":{"confidence_interval":{"confidence_level":0.95,"lower_bound":8.595539785939557,"upper_bound":13.300883022266001},"point_estimate":11.647017533053926,"standard_error":1.2234626928174943},"Slope":{"confidence_interval":{"confidence_level":0.95,"lower_bound":226.7379316458297,"upper_bound":232.34406667748542},"point_estimate":229.32091591462327,"standard_error":1.4353858737893657},"StdDev":{"confidence_interval":{"confidence_level":0.95,"lower_bound":10.197004902851377,"upper_bound":14.980601648694822},"point_estimate":12.735736165642855,"standard_error":1.2264482710755018}}