{"Mean":{"confidence_interval":{"confidence_level":0.95,"lower_bound":118.2970787882683,"upper_bound":121.82256913418517},"point_estimate":120.02527957458058,"standard_error":0.8995755810368237},"Median":{"confidence_interval":{"confidence_level":0.95,"lower_bound":116.723739791608,"upper_bound":120.04208785617368},"point_estimate":117.52939608774311,"standard_error":0.9529671466878432},"MedianAbsDev":{"confidence_interval":{"confidence_level":0.95,"lower_bound":6.468872296427538,"upper_bound":10.928765172561594},"point_estimate":9.690022341440242,"standard_error":1.1336483587063484},"Slope":{"confidence_interval":{"confidence_level":0.95,"lower_bound":119.26370294035286,"upper_bound":122.75040333263729},"point_estimate":121.02908090991768,"standard_error":0.8937189575567026},"StdDev":{"confidence_interval":{"confidence_level":0.95,"lower_bound":7.656992371325925,"upper_bound":10.314352147277797},"point_estimate":9.044332754573304,"standard_error":0.6802765047627116}}