{"Mean":{"confidence_interval":{"confidence_level":0.95,"lower_bound":43.691094943779134,"upper_bound":46.215476888971956},"point_estimate":44.877020940946,"standard_error":0.646250560672182},"Median":{"confidence_interval":{"confidence_level":0.95,"lower_bound":41.76339521386771,"upper_bound":42.05048548504741},"point_estimate":41.84820039156973,"standard_error":0.08318122240401471},"MedianAbsDev":{"confidence_interval":{"confidence_level":0.95,"lower_bound":0.3332887182855967,"upper_bound":0.8317078554384618},"point_estimate":0.5170301563934532,"standard_error":0.1358657471350764},"Slope":{"confidence_interval":{"confidence_level":0.95,"lower_bound":42.421722442282146,"upper_bound":43.81276789611445},"point_estimate":43.05990075301073,"standard_error":0.3577983341244015},"StdDev":{"confidence_interval":{"confidence_level":0.95,"lower_bound":4.487778305251411,"upper_bound":8.236873802351143},"point_estimate":6.519803460002682,"standard_error":0.9584192767316296}}