{"Mean":{"confidence_interval":{"confidence_level":0.95,"lower_bound":0.04734727091806446,"upper_bound":0.11562120607607919},"point_estimate":0.0803085132927619,"standard_error":0.017368619338175677},"Median":{"confidence_interval":{"confidence_level":0.95,"lower_bound":0.0327650669638638,"upper_bound":0.08488047580201896},"point_estimate":0.05658503589613595,"standard_error":0.013186318342006486}}