{"Mean":{"confidence_interval":{"confidence_level":0.95,"lower_bound":-0.034383345211254586,"upper_bound":-0.01802723481482939},"point_estimate":-0.026706321932324473,"standard_error":0.004180732812956456},"Median":{"confidence_interval":{"confidence_level":0.95,"lower_bound":-0.03385650996314904,"upper_bound":-0.025846669726978688},"point_estimate":-0.030070974068417744,"standard_error":0.002075113348277941}}