{"Mean":{"confidence_interval":{"confidence_level":0.95,"lower_bound":-0.01570086356322887,"upper_bound":0.012343666602052437},"point_estimate":-0.0018141332500206664,"standard_error":0.007148403356974273},"Median":{"confidence_interval":{"confidence_level":0.95,"lower_bound":-0.0204309104144067,"upper_bound":0.009845920380562978},"point_estimate":-0.004935493148028769,"standard_error":0.007682664746979376}}