{"Mean":{"confidence_interval":{"confidence_level":0.95,"lower_bound":0.04987650346182155,"upper_bound":0.10593457946662406},"point_estimate":0.07748992732191495,"standard_error":0.014322217740111672},"Median":{"confidence_interval":{"confidence_level":0.95,"lower_bound":0.044123854645560026,"upper_bound":0.10835045550104017},"point_estimate":0.08266979727325485,"standard_error":0.01646899673076079}}