{"Mean":{"confidence_interval":{"confidence_level":0.95,"lower_bound":101.06849713886133,"upper_bound":103.27836998027605},"point_estimate":102.11608555735931,"standard_error":0.5657546582169091},"Median":{"confidence_interval":{"confidence_level":0.95,"lower_bound":99.15927399426708,"upper_bound":99.84611160532876},"point_estimate":99.33748814756675,"standard_error":0.17443083920925337},"MedianAbsDev":{"confidence_interval":{"confidence_level":0.95,"lower_bound":0.6276900715553738,"upper_bound":1.7146554425900278},"point_estimate":0.9715484231550623,"standard_error":0.26687150742846555},"Slope":{"confidence_interval":{"confidence_level":0.95,"lower_bound":99.80582601357722,"upper_bound":101.03265117501647},"point_estimate":100.37092251103934,"standard_error":0.31306919385220816},"StdDev":{"confidence_interval":{"confidence_level":0.95,"lower_bound":4.278167997670262,"upper_bound":6.855713176874336},"point_estimate":5.6884397761251195,"standard_error":0.6577972764361689}}