{"Mean":{"confidence_interval":{"confidence_level":0.95,"lower_bound":44.41720690180335,"upper_bound":45.86467403799147},"point_estimate":45.12716865900851,"standard_error":0.3693138641091771},"Median":{"confidence_interval":{"confidence_level":0.95,"lower_bound":43.63289878497081,"upper_bound":45.72646749064651},"point_estimate":44.610626469608334,"standard_error":0.5556550695322336},"MedianAbsDev":{"confidence_interval":{"confidence_level":0.95,"lower_bound":3.0217344290233816,"upper_bound":4.554853239380754},"point_estimate":4.011049298336825,"standard_error":0.38796554896407354},"Slope":{"confidence_interval":{"confidence_level":0.95,"lower_bound":43.449000783879946,"upper_bound":45.16508325107791},"point_estimate":44.265498918674496,"standard_error":0.4390485286263672},"StdDev":{"confidence_interval":{"confidence_level":0.95,"lower_bound":3.0960966598869613,"upper_bound":4.259015932499733},"point_estimate":3.7138394060516613,"standard_error":0.2976055785450774}}