{"Mean":{"confidence_interval":{"confidence_level":0.95,"lower_bound":41.95316632255347,"upper_bound":42.905618575063635},"point_estimate":42.42113777470721,"standard_error":0.24237327542116024},"Median":{"confidence_interval":{"confidence_level":0.95,"lower_bound":41.33736509294918,"upper_bound":42.39472355834958},"point_estimate":41.90691650539412,"standard_error":0.29668735815555036},"MedianAbsDev":{"confidence_interval":{"confidence_level":0.95,"lower_bound":1.576762547493515,"upper_bound":2.702374953516133},"point_estimate":2.2168325569232756,"standard_error":0.28830535578593747},"Slope":{"confidence_interval":{"confidence_level":0.95,"lower_bound":41.74202926388223,"upper_bound":42.7366991196936},"point_estimate":42.20515791535086,"standard_error":0.2533963631763341},"StdDev":{"confidence_interval":{"confidence_level":0.95,"lower_bound":2.014535913749592,"upper_bound":2.835621920468583},"point_estimate":2.4497927597314715,"standard_error":0.2095973873441244}}