{"Mean":{"confidence_interval":{"confidence_level":0.95,"lower_bound":14.164268332702827,"upper_bound":14.395785841509571},"point_estimate":14.263890863921096,"standard_error":0.05976683449499817},"Median":{"confidence_interval":{"confidence_level":0.95,"lower_bound":14.079623345227493,"upper_bound":14.135443020492525},"point_estimate":14.12100484940269,"standard_error":0.015610470753644815},"MedianAbsDev":{"confidence_interval":{"confidence_level":0.95,"lower_bound":0.09660461832711129,"upper_bound":0.18087383493537434},"point_estimate":0.15059983106461755,"standard_error":0.022315283191981308},"Slope":{"confidence_interval":{"confidence_level":0.95,"lower_bound":14.101309983692389,"upper_bound":14.178735901965338},"point_estimate":14.137455193048279,"standard_error":0.01979242041815121},"StdDev":{"confidence_interval":{"confidence_level":0.95,"lower_bound":0.24241542106477373,"upper_bound":0.9223757113740607},"point_estimate":0.6018905505340126,"standard_error":0.18756722502805676}}