{"Mean":{"confidence_interval":{"confidence_level":0.95,"lower_bound":0.05332903401679285,"upper_bound":0.11204856146109343},"point_estimate":0.08036651386199445,"standard_error":0.01511762605547623},"Median":{"confidence_interval":{"confidence_level":0.95,"lower_bound":0.035861352184200834,"upper_bound":0.08922004217093837},"point_estimate":0.0714735773455184,"standard_error":0.014594801793993539}}