{"Mean":{"confidence_interval":{"confidence_level":0.95,"lower_bound":56.299337318224644,"upper_bound":57.25726089600641},"point_estimate":56.71277123235743,"standard_error":0.2470975012038185},"Median":{"confidence_interval":{"confidence_level":0.95,"lower_bound":55.97991013390049,"upper_bound":56.23956836745681},"point_estimate":56.07786345905576,"standard_error":0.07121035066480737},"MedianAbsDev":{"confidence_interval":{"confidence_level":0.95,"lower_bound":0.3827360187839664,"upper_bound":0.6445733006415287},"point_estimate":0.49409287672981456,"standard_error":0.06592814015586174},"Slope":{"confidence_interval":{"confidence_level":0.95,"lower_bound":56.1349166922676,"upper_bound":56.41231020487763},"point_estimate":56.26594282962305,"standard_error":0.07084991019874928},"StdDev":{"confidence_interval":{"confidence_level":0.95,"lower_bound":0.9948142437542703,"upper_bound":3.796043756412032},"point_estimate":2.484506759740677,"standard_error":0.757633194686312}}