{"Mean":{"confidence_interval":{"confidence_level":0.95,"lower_bound":39.3118745923643,"upper_bound":40.125656648125144},"point_estimate":39.70072904160261,"standard_error":0.20775565200476795},"Median":{"confidence_interval":{"confidence_level":0.95,"lower_bound":38.98808220699283,"upper_bound":39.576075018935484},"point_estimate":39.24046687984794,"standard_error":0.15091682749817473},"MedianAbsDev":{"confidence_interval":{"confidence_level":0.95,"lower_bound":1.0406499606498325,"upper_bound":1.8636010835713155},"point_estimate":1.4821968377124055,"standard_error":0.21265906247908334},"Slope":{"confidence_interval":{"confidence_level":0.95,"lower_bound":39.317648909428364,"upper_bound":39.99918203176907},"point_estimate":39.642061263183265,"standard_error":0.17345134034869406},"StdDev":{"confidence_interval":{"confidence_level":0.95,"lower_bound":1.5223804929940077,"upper_bound":2.6039647932122127},"point_estimate":2.0849456484720124,"standard_error":0.27829114280852507}}