{"Mean":{"confidence_interval":{"confidence_level":0.95,"lower_bound":43.57622378108924,"upper_bound":45.44701696934113},"point_estimate":44.47221365551818,"standard_error":0.47690103215278323},"Median":{"confidence_interval":{"confidence_level":0.95,"lower_bound":42.48179373168132,"upper_bound":43.883461520752306},"point_estimate":43.219416596352545,"standard_error":0.32065335319339183},"MedianAbsDev":{"confidence_interval":{"confidence_level":0.95,"lower_bound":2.173520194659074,"upper_bound":4.446538805653496},"point_estimate":3.179252101741558,"standard_error":0.5970495195612586},"Slope":{"confidence_interval":{"confidence_level":0.95,"lower_bound":43.83465188681761,"upper_bound":45.28138489000413},"point_estimate":44.52286023234677,"standard_error":0.3701704871079546},"StdDev":{"confidence_interval":{"confidence_level":0.95,"lower_bound":3.6409093392922163,"upper_bound":5.830233393694842},"point_estimate":4.793589263634941,"standard_error":0.5625926141911839}}