{"Mean":{"confidence_interval":{"confidence_level":0.95,"lower_bound":122.23355151574788,"upper_bound":131.90267834918444},"point_estimate":126.72302842061119,"standard_error":2.4653245095911505},"Median":{"confidence_interval":{"confidence_level":0.95,"lower_bound":118.13138954953676,"upper_bound":122.10962917511141},"point_estimate":119.82755178408732,"standard_error":0.9502619646888196},"MedianAbsDev":{"confidence_interval":{"confidence_level":0.95,"lower_bound":6.506474858769071,"upper_bound":10.84701560818293},"point_estimate":8.34642336559947,"standard_error":1.0874279438279877},"Slope":{"confidence_interval":{"confidence_level":0.95,"lower_bound":119.04502149764143,"upper_bound":124.03222675497565},"point_estimate":121.34636134800691,"standard_error":1.278365937898094},"StdDev":{"confidence_interval":{"confidence_level":0.95,"lower_bound":15.672014757958937,"upper_bound":31.819378271844467},"point_estimate":24.714346563315196,"standard_error":4.127438893344191}}