{"Mean":{"confidence_interval":{"confidence_level":0.95,"lower_bound":122.88280484421715,"upper_bound":127.14873506638152},"point_estimate":124.82126534752732,"standard_error":1.087961715581483},"Median":{"confidence_interval":{"confidence_level":0.95,"lower_bound":121.2292632096084,"upper_bound":123.2243920412675},"point_estimate":122.0372996198225,"standard_error":0.5309217492133027},"MedianAbsDev":{"confidence_interval":{"confidence_level":0.95,"lower_bound":3.445301457126575,"upper_bound":7.716970319876094},"point_estimate":5.242165595354683,"standard_error":1.1823161394097166},"Slope":{"confidence_interval":{"confidence_level":0.95,"lower_bound":123.1226536061958,"upper_bound":126.6336758632537},"point_estimate":124.77184816557966,"standard_error":0.9008994659547042},"StdDev":{"confidence_interval":{"confidence_level":0.95,"lower_bound":6.7047244388151235,"upper_bound":15.49798865478658},"point_estimate":10.946150263514612,"standard_error":2.4647916919582897}}