{"Mean":{"confidence_interval":{"confidence_level":0.95,"lower_bound":-0.009187096855748934,"upper_bound":0.01324616367350038},"point_estimate":0.0019532113260876116,"standard_error":0.005636763451004479},"Median":{"confidence_interval":{"confidence_level":0.95,"lower_bound":-0.0045562175070366084,"upper_bound":0.0028013458624950136},"point_estimate":-0.0004892509583244165,"standard_error":0.0018210723114651557}}