{"Mean":{"confidence_interval":{"confidence_level":0.95,"lower_bound":71.42300067445265,"upper_bound":73.41225206718396},"point_estimate":72.40274621462085,"standard_error":0.5088064939811556},"Median":{"confidence_interval":{"confidence_level":0.95,"lower_bound":70.93103657300666,"upper_bound":73.55076843007592},"point_estimate":71.6824590036229,"standard_error":0.5946293701777768},"MedianAbsDev":{"confidence_interval":{"confidence_level":0.95,"lower_bound":3.9570752437146317,"upper_bound":5.765095123161997},"point_estimate":4.965492502326553,"standard_error":0.47060712091067414},"Slope":{"confidence_interval":{"confidence_level":0.95,"lower_bound":72.1425718189542,"upper_bound":74.20806618090332},"point_estimate":73.13521514020748,"standard_error":0.527789046120144},"StdDev":{"confidence_interval":{"confidence_level":0.95,"lower_bound":4.324166299373251,"upper_bound":5.8381398596564384},"point_estimate":5.119663951372728,"standard_error":0.3864529483066118}}