{"Mean":{"confidence_interval":{"confidence_level":0.95,"lower_bound":57.08794822128028,"upper_bound":59.40953937428556},"point_estimate":58.17246163580307,"standard_error":0.5915124766217532},"Median":{"confidence_interval":{"confidence_level":0.95,"lower_bound":54.78771771966867,"upper_bound":55.74942324003393},"point_estimate":55.03601145038168,"standard_error":0.2679945202799265},"MedianAbsDev":{"confidence_interval":{"confidence_level":0.95,"lower_bound":0.6914426150357228,"upper_bound":2.253623680816535},"point_estimate":1.1387654329141954,"standard_error":0.42484271487499664},"Slope":{"confidence_interval":{"confidence_level":0.95,"lower_bound":58.898817803476554,"upper_bound":61.91310144504218},"point_estimate":60.3318946710631,"standard_error":0.7692735742972012},"StdDev":{"confidence_interval":{"confidence_level":0.95,"lower_bound":4.064280811425683,"upper_bound":7.650927679166808},"point_estimate":5.955202780006763,"standard_error":0.9114248236528071}}